experiment,depth,variant,position,nodes,time_s,matchup,agent,opponent,seed,a_player,winner,a_won,plies,avg_move_time,a_nodes_per_move
E1,1.0,minimax,0.0,46.0,0.0010228329920209944,,,,,,,,,,
E1,1.0,alpha-beta,0.0,46.0,0.0015431249921675771,,,,,,,,,,
E1,1.0,minimax,1.0,36.0,0.0008956670062616467,,,,,,,,,,
E1,1.0,alpha-beta,1.0,36.0,0.0014214999973773956,,,,,,,,,,
E1,1.0,minimax,2.0,11.0,0.0002647500077728182,,,,,,,,,,
E1,1.0,alpha-beta,2.0,11.0,0.000369541987311095,,,,,,,,,,
E1,1.0,minimax,3.0,28.0,0.0006985000218264759,,,,,,,,,,
E1,1.0,alpha-beta,3.0,28.0,0.001157165999757126,,,,,,,,,,
E1,1.0,minimax,4.0,15.0,0.0003553749993443489,,,,,,,,,,
E1,1.0,alpha-beta,4.0,15.0,0.0005677079898305237,,,,,,,,,,
E1,1.0,minimax,5.0,11.0,0.00029070800519548357,,,,,,,,,,
E1,1.0,alpha-beta,5.0,11.0,0.00039300002390518785,,,,,,,,,,
E1,2.0,minimax,0.0,1222.0,0.029789332998916507,,,,,,,,,,
E1,2.0,alpha-beta,0.0,205.0,0.03046904201619327,,,,,,,,,,
E1,2.0,minimax,1.0,666.0,0.015370375011116266,,,,,,,,,,
E1,2.0,alpha-beta,1.0,99.0,0.017082624981412664,,,,,,,,,,
E1,2.0,minimax,2.0,47.0,0.0008837089990265667,,,,,,,,,,
E1,2.0,alpha-beta,2.0,22.0,0.0012096250138711184,,,,,,,,,,
E1,2.0,minimax,3.0,476.0,0.01125012498232536,,,,,,,,,,
E1,2.0,alpha-beta,3.0,114.0,0.012522000004537404,,,,,,,,,,
E1,2.0,minimax,4.0,135.0,0.0033868339960463345,,,,,,,,,,
E1,2.0,alpha-beta,4.0,37.0,0.0035175419761799276,,,,,,,,,,
E1,2.0,minimax,5.0,71.0,0.0014803330122958869,,,,,,,,,,
E1,2.0,alpha-beta,5.0,47.0,0.002086249995045364,,,,,,,,,,
E1,3.0,minimax,0.0,13192.0,0.31003970801248215,,,,,,,,,,
E1,3.0,alpha-beta,0.0,3684.0,0.2628283750091214,,,,,,,,,,
E1,3.0,minimax,1.0,2766.0,0.058972334023565054,,,,,,,,,,
E1,3.0,alpha-beta,1.0,313.0,0.025057040998945013,,,,,,,,,,
E1,3.0,minimax,2.0,59.0,0.001043541997205466,,,,,,,,,,
E1,3.0,alpha-beta,2.0,22.0,0.0012430420028977096,,,,,,,,,,
E1,3.0,minimax,3.0,4886.0,0.10522100000525825,,,,,,,,,,
E1,3.0,alpha-beta,3.0,1355.0,0.08125741599360481,,,,,,,,,,
E1,3.0,minimax,4.0,915.0,0.021329542010789737,,,,,,,,,,
E1,3.0,alpha-beta,4.0,129.0,0.00768724997760728,,,,,,,,,,
E1,3.0,minimax,5.0,101.0,0.0017375830211676657,,,,,,,,,,
E1,3.0,alpha-beta,5.0,99.0,0.0029489159933291376,,,,,,,,,,
E1,4.0,minimax,0.0,58912.0,1.3369541249994654,,,,,,,,,,
E1,4.0,alpha-beta,0.0,3684.0,0.28783700001076795,,,,,,,,,,
E1,4.0,minimax,1.0,4134.0,0.08659841699409299,,,,,,,,,,
E1,4.0,alpha-beta,1.0,441.0,0.029433624993544072,,,,,,,,,,
E1,4.0,minimax,2.0,59.0,0.0010401250037830323,,,,,,,,,,
E1,4.0,alpha-beta,2.0,22.0,0.0013448339886963367,,,,,,,,,,
E1,4.0,minimax,3.0,17846.0,0.3649336250091437,,,,,,,,,,
E1,4.0,alpha-beta,3.0,2715.0,0.1350974579981994,,,,,,,,,,
E1,4.0,minimax,4.0,1659.0,0.030953167006373405,,,,,,,,,,
E1,4.0,alpha-beta,4.0,451.0,0.016935624997131526,,,,,,,,,,
E1,4.0,minimax,5.0,101.0,0.0017846669943537563,,,,,,,,,,
E1,4.0,alpha-beta,5.0,99.0,0.0030341249948833138,,,,,,,,,,
E2,,,,,,Minimax vs Random,Minimax,Random,1000.0,1.0,1.0,1.0,5.0,0.02260261679184623,196.66666666666666
E2,,,,,,Minimax vs Random,Minimax,Random,1001.0,2.0,2.0,1.0,6.0,0.0025754028368586055,73.0
E2,,,,,,Minimax vs Random,Minimax,Random,1002.0,1.0,1.0,1.0,7.0,0.01506355358287692,200.5
E2,,,,,,Minimax vs Random,Minimax,Random,1003.0,2.0,2.0,1.0,6.0,0.012829513822604591,174.33333333333334
E2,,,,,,Minimax vs Random,Minimax,Random,1004.0,1.0,1.0,1.0,5.0,0.019346925202989952,162.33333333333334
E2,,,,,,Minimax vs Random,Minimax,Random,1005.0,2.0,2.0,1.0,6.0,0.010989583500001269,104.66666666666667
E2,,,,,,Minimax vs Random,Minimax,Random,1006.0,1.0,1.0,1.0,5.0,0.016186158201890066,190.0
E2,,,,,,Minimax vs Random,Minimax,Random,1007.0,2.0,2.0,1.0,6.0,0.0025193749946386865,86.66666666666667
E2,,,,,,Minimax vs Random,Minimax,Random,1008.0,1.0,1.0,1.0,7.0,0.009435809566639364,75.25
E2,,,,,,Minimax vs Random,Minimax,Random,1009.0,2.0,2.0,1.0,6.0,0.00787810399197042,108.66666666666667
E2,,,,,,Minimax vs Random,Minimax,Random,1010.0,1.0,1.0,1.0,5.0,0.020741133188130333,215.0
E2,,,,,,Minimax vs Random,Minimax,Random,1011.0,2.0,2.0,1.0,6.0,0.006317868338859019,94.33333333333333
E2,,,,,,Minimax vs Random,Minimax,Random,1012.0,1.0,1.0,1.0,7.0,0.02191378000342021,186.25
E2,,,,,,Minimax vs Random,Minimax,Random,1013.0,2.0,2.0,1.0,6.0,0.00461634733073879,66.0
E2,,,,,,Minimax vs Random,Minimax,Random,1014.0,1.0,1.0,1.0,7.0,0.0068299702751184145,101.75
E2,,,,,,Minimax vs Random,Minimax,Random,1015.0,2.0,2.0,1.0,6.0,0.008393097334192134,108.33333333333333
E2,,,,,,Minimax vs Random,Minimax,Random,1016.0,1.0,1.0,1.0,5.0,0.030415349995018916,249.0
E2,,,,,,Minimax vs Random,Minimax,Random,1017.0,2.0,2.0,1.0,6.0,0.006012548498498897,97.0
E2,,,,,,Minimax vs Random,Minimax,Random,1018.0,1.0,1.0,1.0,7.0,0.00798445857695437,83.0
E2,,,,,,Minimax vs Random,Minimax,Random,1019.0,2.0,2.0,1.0,6.0,0.003911840166741361,74.33333333333333
E2,,,,,,Minimax vs Random,Minimax,Random,1020.0,1.0,1.0,1.0,7.0,0.024667131003557836,177.75
E2,,,,,,Minimax vs Random,Minimax,Random,1021.0,2.0,2.0,1.0,6.0,0.006003437340647603,173.0
E2,,,,,,Minimax vs Random,Minimax,Random,1022.0,1.0,1.0,1.0,5.0,0.019660541793564336,209.66666666666666
E2,,,,,,Minimax vs Random,Minimax,Random,1023.0,2.0,2.0,1.0,6.0,0.004826541834821303,87.66666666666667
E2,,,,,,Minimax vs Random,Minimax,Random,1024.0,1.0,1.0,1.0,7.0,0.009217613289365545,84.75
E2,,,,,,Minimax vs Random,Minimax,Random,1025.0,2.0,2.0,1.0,6.0,0.012900013830706788,143.33333333333334
E2,,,,,,Minimax vs Random,Minimax,Random,1026.0,1.0,1.0,1.0,5.0,0.022511366591788828,163.0
E2,,,,,,Minimax vs Random,Minimax,Random,1027.0,2.0,2.0,1.0,6.0,0.007968888841181373,102.66666666666667
E2,,,,,,Minimax vs Random,Minimax,Random,1028.0,1.0,1.0,1.0,5.0,0.032525449595414105,194.0
E2,,,,,,Minimax vs Random,Minimax,Random,1029.0,2.0,2.0,1.0,6.0,0.010475409673138833,110.33333333333333
E2,,,,,,Minimax vs Random,Minimax,Random,1030.0,1.0,1.0,1.0,5.0,0.019280233606696128,165.33333333333334
E2,,,,,,Minimax vs Random,Minimax,Random,1031.0,2.0,2.0,1.0,6.0,0.0031077149954702086,45.333333333333336
E2,,,,,,Minimax vs Random,Minimax,Random,1032.0,1.0,1.0,1.0,7.0,0.02513091657809647,180.25
E2,,,,,,Minimax vs Random,Minimax,Random,1033.0,2.0,2.0,1.0,6.0,0.00675157650160448,68.66666666666667
E2,,,,,,Minimax vs Random,Minimax,Random,1034.0,1.0,1.0,1.0,5.0,0.011210324795683846,122.66666666666667
E2,,,,,,Minimax vs Random,Minimax,Random,1035.0,2.0,2.0,1.0,6.0,0.0063925696692119045,107.0
E2,,,,,,Minimax vs Random,Minimax,Random,1036.0,1.0,1.0,1.0,7.0,0.00594341686311444,76.0
E2,,,,,,Minimax vs Random,Minimax,Random,1037.0,2.0,2.0,1.0,6.0,0.006173139001475647,71.33333333333333
E2,,,,,,Minimax vs Random,Minimax,Random,1038.0,1.0,1.0,1.0,5.0,0.018497483601095155,180.66666666666666
E2,,,,,,Minimax vs Random,Minimax,Random,1039.0,2.0,2.0,1.0,6.0,0.01191907650597083,91.0
E2,,,,,,Minimax vs Random,Minimax,Random,1040.0,1.0,1.0,1.0,5.0,0.016963941603899003,112.33333333333333
E2,,,,,,Minimax vs Random,Minimax,Random,1041.0,2.0,2.0,1.0,6.0,0.003699083511795228,77.33333333333333
E2,,,,,,Minimax vs Random,Minimax,Random,1042.0,1.0,1.0,1.0,5.0,0.028458091791253536,129.66666666666666
E2,,,,,,Minimax vs Random,Minimax,Random,1043.0,2.0,1.0,0.0,3.0,0.005230250011663884,179.0
E2,,,,,,Minimax vs Random,Minimax,Random,1044.0,1.0,1.0,1.0,5.0,0.021740683197276667,131.33333333333334
E2,,,,,,Minimax vs Random,Minimax,Random,1045.0,2.0,2.0,1.0,6.0,0.007709722505145085,104.66666666666667
E2,,,,,,Minimax vs Random,Minimax,Random,1046.0,1.0,1.0,1.0,5.0,0.023569258395582438,132.33333333333334
E2,,,,,,Minimax vs Random,Minimax,Random,1047.0,2.0,2.0,1.0,6.0,0.00673821567518947,100.66666666666667
E2,,,,,,Minimax vs Random,Minimax,Random,1048.0,1.0,1.0,1.0,7.0,0.011784660426201299,124.0
E2,,,,,,Minimax vs Random,Minimax,Random,1049.0,2.0,2.0,1.0,6.0,0.007198062667157501,87.33333333333333
E2,,,,,,Minimax vs Random,Minimax,Random,1050.0,1.0,1.0,1.0,5.0,0.015267516794847325,145.0
E2,,,,,,Minimax vs Random,Minimax,Random,1051.0,2.0,2.0,1.0,6.0,0.008351409667132733,82.33333333333333
E2,,,,,,Minimax vs Random,Minimax,Random,1052.0,1.0,1.0,1.0,5.0,0.01115095820860006,116.0
E2,,,,,,Minimax vs Random,Minimax,Random,1053.0,2.0,2.0,1.0,6.0,0.0052047848342529806,106.0
E2,,,,,,Minimax vs Random,Minimax,Random,1054.0,1.0,1.0,1.0,5.0,0.012196116812992841,134.66666666666666
E2,,,,,,Minimax vs Random,Minimax,Random,1055.0,2.0,2.0,1.0,6.0,0.013137007001205347,127.0
E2,,,,,,Minimax vs Random,Minimax,Random,1056.0,1.0,1.0,1.0,5.0,0.01973734159837477,249.0
E2,,,,,,Minimax vs Random,Minimax,Random,1057.0,2.0,2.0,1.0,6.0,0.008424527826718986,151.66666666666666
E2,,,,,,Minimax vs Random,Minimax,Random,1058.0,1.0,1.0,1.0,5.0,0.022710533387726172,175.0
E2,,,,,,Minimax vs Random,Minimax,Random,1059.0,2.0,2.0,1.0,6.0,0.009560541831888258,120.66666666666667
E2,,,,,,Minimax vs Random,Minimax,Random,1060.0,1.0,1.0,1.0,5.0,0.019954633404267952,153.66666666666666
E2,,,,,,Minimax vs Random,Minimax,Random,1061.0,2.0,2.0,1.0,6.0,0.011428020491924448,106.66666666666667
E2,,,,,,Minimax vs Random,Minimax,Random,1062.0,1.0,1.0,1.0,5.0,0.02119878340163268,118.66666666666667
E2,,,,,,Minimax vs Random,Minimax,Random,1063.0,2.0,2.0,1.0,6.0,0.004131041491442981,60.333333333333336
E2,,,,,,Minimax vs Random,Minimax,Random,1064.0,1.0,1.0,1.0,5.0,0.028505732998019083,131.33333333333334
E2,,,,,,Minimax vs Random,Minimax,Random,1065.0,2.0,2.0,1.0,6.0,0.010993499837544126,163.66666666666666
E2,,,,,,Minimax vs Random,Minimax,Random,1066.0,1.0,1.0,1.0,7.0,0.0117749881464988,105.75
E2,,,,,,Minimax vs Random,Minimax,Random,1067.0,2.0,2.0,1.0,6.0,0.009668374996787557,110.0
E2,,,,,,Minimax vs Random,Minimax,Random,1068.0,1.0,1.0,1.0,5.0,0.020514041808201,170.0
E2,,,,,,Minimax vs Random,Minimax,Random,1069.0,2.0,2.0,1.0,4.0,0.004349624752649106,64.5
E2,,,,,,Minimax vs Random,Minimax,Random,1070.0,1.0,1.0,1.0,5.0,0.01619615000090562,170.33333333333334
E2,,,,,,Minimax vs Random,Minimax,Random,1071.0,2.0,2.0,1.0,6.0,0.006153868006852766,88.33333333333333
E2,,,,,,Minimax vs Random,Minimax,Random,1072.0,1.0,1.0,1.0,7.0,0.008897357146322196,84.25
E2,,,,,,Minimax vs Random,Minimax,Random,1073.0,2.0,2.0,1.0,6.0,0.005579187170951627,65.33333333333333
E2,,,,,,Minimax vs Random,Minimax,Random,1074.0,1.0,1.0,1.0,5.0,0.01851680819527246,121.66666666666667
E2,,,,,,Minimax vs Random,Minimax,Random,1075.0,2.0,2.0,1.0,6.0,0.010166909836698323,81.33333333333333
E2,,,,,,Minimax vs Random,Minimax,Random,1076.0,1.0,1.0,1.0,5.0,0.012159700004849583,122.33333333333333
E2,,,,,,Minimax vs Random,Minimax,Random,1077.0,2.0,2.0,1.0,6.0,0.004331381671363488,77.66666666666667
E2,,,,,,Minimax vs Random,Minimax,Random,1078.0,1.0,1.0,1.0,7.0,0.006346220437470558,75.75
E2,,,,,,Minimax vs Random,Minimax,Random,1079.0,2.0,2.0,1.0,4.0,0.0015209684934234247,57.5
E2,,,,,,Minimax vs Random,Minimax,Random,1080.0,1.0,1.0,1.0,5.0,0.028901474800659344,145.33333333333334
E2,,,,,,Minimax vs Random,Minimax,Random,1081.0,2.0,2.0,1.0,6.0,0.0031173611738874265,71.33333333333333
E2,,,,,,Minimax vs Random,Minimax,Random,1082.0,1.0,1.0,1.0,5.0,0.0070786082011181865,100.66666666666667
E2,,,,,,Minimax vs Random,Minimax,Random,1083.0,2.0,2.0,1.0,4.0,0.007118864501535427,104.0
E2,,,,,,Minimax vs Random,Minimax,Random,1084.0,1.0,1.0,1.0,5.0,0.023156266589649022,193.66666666666666
E2,,,,,,Minimax vs Random,Minimax,Random,1085.0,2.0,2.0,1.0,6.0,0.01103643033032616,112.33333333333333
E2,,,,,,Minimax vs Random,Minimax,Random,1086.0,1.0,1.0,1.0,5.0,0.021586350194411352,198.33333333333334
E2,,,,,,Minimax vs Random,Minimax,Random,1087.0,2.0,2.0,1.0,6.0,0.010591986157426922,164.66666666666666
E2,,,,,,Minimax vs Random,Minimax,Random,1088.0,1.0,1.0,1.0,5.0,0.011959141597617417,124.33333333333333
E2,,,,,,Minimax vs Random,Minimax,Random,1089.0,2.0,2.0,1.0,6.0,0.005289228996844031,81.33333333333333
E2,,,,,,Minimax vs Random,Minimax,Random,1090.0,1.0,1.0,1.0,7.0,0.007785089426241549,104.75
E2,,,,,,Minimax vs Random,Minimax,Random,1091.0,2.0,2.0,1.0,6.0,0.003506194334477186,72.33333333333333
E2,,,,,,Minimax vs Random,Minimax,Random,1092.0,1.0,1.0,1.0,5.0,0.014936716598458587,144.66666666666666
E2,,,,,,Minimax vs Random,Minimax,Random,1093.0,2.0,2.0,1.0,6.0,0.0025182918373805783,43.0
E2,,,,,,Minimax vs Random,Minimax,Random,1094.0,1.0,1.0,1.0,7.0,0.016792018136974157,145.25
E2,,,,,,Minimax vs Random,Minimax,Random,1095.0,2.0,2.0,1.0,6.0,0.002948402655116903,48.333333333333336
E2,,,,,,Minimax vs Random,Minimax,Random,1096.0,1.0,1.0,1.0,5.0,0.01089408359839581,122.0
E2,,,,,,Minimax vs Random,Minimax,Random,1097.0,2.0,2.0,1.0,6.0,0.0035111804948731637,68.0
E2,,,,,,Minimax vs Random,Minimax,Random,1098.0,1.0,2.0,0.0,6.0,0.024533499832614325,158.66666666666666
E2,,,,,,Minimax vs Random,Minimax,Random,1099.0,2.0,2.0,1.0,6.0,0.0036048054947362593,66.33333333333333
E2,,,,,,Expectimax vs Random,Expectimax,Random,1000.0,1.0,1.0,1.0,7.0,0.015446077429390113,1100.0
E2,,,,,,Expectimax vs Random,Expectimax,Random,1001.0,2.0,2.0,1.0,6.0,0.0024117431651878483,202.33333333333334
E2,,,,,,Expectimax vs Random,Expectimax,Random,1002.0,1.0,2.0,0.0,6.0,0.017407742828557577,1553.0
E2,,,,,,Expectimax vs Random,Expectimax,Random,1003.0,2.0,2.0,1.0,6.0,0.012520604165426144,1002.0
E2,,,,,,Expectimax vs Random,Expectimax,Random,1004.0,1.0,1.0,1.0,5.0,0.020455657999264076,1459.6666666666667
E2,,,,,,Expectimax vs Random,Expectimax,Random,1005.0,2.0,2.0,1.0,6.0,0.011270222157084694,918.0
E2,,,,,,Expectimax vs Random,Expectimax,Random,1006.0,1.0,1.0,1.0,5.0,0.015818625007523224,1189.3333333333333
E2,,,,,,Expectimax vs Random,Expectimax,Random,1007.0,2.0,2.0,1.0,6.0,0.0020398543323002136,172.66666666666666
E2,,,,,,Expectimax vs Random,Expectimax,Random,1008.0,1.0,1.0,1.0,7.0,0.011268005856046719,800.25
E2,,,,,,Expectimax vs Random,Expectimax,Random,1009.0,2.0,2.0,1.0,6.0,0.007195541843733129,595.0
E2,,,,,,Expectimax vs Random,Expectimax,Random,1010.0,1.0,1.0,1.0,7.0,0.014286636994386624,1026.25
E2,,,,,,Expectimax vs Random,Expectimax,Random,1011.0,2.0,2.0,1.0,6.0,0.006262513828308632,479.3333333333333
E2,,,,,,Expectimax vs Random,Expectimax,Random,1012.0,1.0,1.0,1.0,5.0,0.027453333395533262,1801.6666666666667
E2,,,,,,Expectimax vs Random,Expectimax,Random,1013.0,2.0,2.0,1.0,6.0,0.004464236170557949,374.3333333333333
E2,,,,,,Expectimax vs Random,Expectimax,Random,1014.0,1.0,1.0,1.0,7.0,0.006182047575878512,484.25
E2,,,,,,Expectimax vs Random,Expectimax,Random,1015.0,2.0,2.0,1.0,6.0,0.007928229165069448,653.0
E2,,,,,,Expectimax vs Random,Expectimax,Random,1016.0,1.0,1.0,1.0,5.0,0.030739241605624558,2199.3333333333335
E2,,,,,,Expectimax vs Random,Expectimax,Random,1017.0,2.0,2.0,1.0,4.0,0.006863833506940864,550.0
E2,,,,,,Expectimax vs Random,Expectimax,Random,1018.0,1.0,1.0,1.0,7.0,0.006843553710496053,468.0
E2,,,,,,Expectimax vs Random,Expectimax,Random,1019.0,2.0,2.0,1.0,6.0,0.004326110996771604,374.0
E2,,,,,,Expectimax vs Random,Expectimax,Random,1020.0,1.0,1.0,1.0,5.0,0.03333007480832748,2284.0
E2,,,,,,Expectimax vs Random,Expectimax,Random,1021.0,2.0,2.0,1.0,6.0,0.004869326662931901,405.6666666666667
E2,,,,,,Expectimax vs Random,Expectimax,Random,1022.0,1.0,1.0,1.0,5.0,0.015553641406586393,1056.6666666666667
E2,,,,,,Expectimax vs Random,Expectimax,Random,1023.0,2.0,2.0,1.0,6.0,0.004335097163372363,360.3333333333333
E2,,,,,,Expectimax vs Random,Expectimax,Random,1024.0,1.0,1.0,1.0,7.0,0.011532875006586047,839.25
E2,,,,,,Expectimax vs Random,Expectimax,Random,1025.0,2.0,2.0,1.0,6.0,0.012076236336724833,1064.3333333333333
E2,,,,,,Expectimax vs Random,Expectimax,Random,1026.0,1.0,1.0,1.0,7.0,0.01526405370844129,1106.0
E2,,,,,,Expectimax vs Random,Expectimax,Random,1027.0,2.0,2.0,1.0,6.0,0.006726097170030698,543.0
E2,,,,,,Expectimax vs Random,Expectimax,Random,1028.0,1.0,1.0,1.0,5.0,0.030978617002256216,2191.0
E2,,,,,,Expectimax vs Random,Expectimax,Random,1029.0,2.0,2.0,1.0,6.0,0.010270020832346441,896.6666666666666
E2,,,,,,Expectimax vs Random,Expectimax,Random,1030.0,1.0,1.0,1.0,7.0,0.011006124999507197,869.75
E2,,,,,,Expectimax vs Random,Expectimax,Random,1031.0,2.0,2.0,1.0,6.0,0.002886402828153223,261.0
E2,,,,,,Expectimax vs Random,Expectimax,Random,1032.0,1.0,1.0,1.0,5.0,0.032684441609308126,2247.0
E2,,,,,,Expectimax vs Random,Expectimax,Random,1033.0,2.0,2.0,1.0,6.0,0.0052528958331095055,442.3333333333333
E2,,,,,,Expectimax vs Random,Expectimax,Random,1034.0,1.0,1.0,1.0,7.0,0.007918559862965984,604.5
E2,,,,,,Expectimax vs Random,Expectimax,Random,1035.0,2.0,2.0,1.0,6.0,0.005901159670126314,522.0
E2,,,,,,Expectimax vs Random,Expectimax,Random,1036.0,1.0,1.0,1.0,7.0,0.005810071568703279,426.25
E2,,,,,,Expectimax vs Random,Expectimax,Random,1037.0,2.0,2.0,1.0,6.0,0.005944930822200452,505.0
E2,,,,,,Expectimax vs Random,Expectimax,Random,1038.0,1.0,1.0,1.0,5.0,0.018063541798619555,1288.0
E2,,,,,,Expectimax vs Random,Expectimax,Random,1039.0,2.0,2.0,1.0,6.0,0.011601680671446957,975.6666666666666
E2,,,,,,Expectimax vs Random,Expectimax,Random,1040.0,1.0,1.0,1.0,7.0,0.010248422718307535,708.0
E2,,,,,,Expectimax vs Random,Expectimax,Random,1041.0,2.0,2.0,1.0,6.0,0.0033461109997006133,285.6666666666667
E2,,,,,,Expectimax vs Random,Expectimax,Random,1042.0,1.0,1.0,1.0,5.0,0.028880550200119613,2010.6666666666667
E2,,,,,,Expectimax vs Random,Expectimax,Random,1043.0,2.0,1.0,0.0,3.0,0.004288736342762907,552.0
E2,,,,,,Expectimax vs Random,Expectimax,Random,1044.0,1.0,2.0,0.0,6.0,0.016292014164112818,1338.6666666666667
E2,,,,,,Expectimax vs Random,Expectimax,Random,1045.0,2.0,2.0,1.0,6.0,0.007490576327351543,620.3333333333334
E2,,,,,,Expectimax vs Random,Expectimax,Random,1046.0,1.0,1.0,1.0,7.0,0.013293166432829042,975.25
E2,,,,,,Expectimax vs Random,Expectimax,Random,1047.0,2.0,2.0,1.0,6.0,0.007325423832905169,604.6666666666666
E2,,,,,,Expectimax vs Random,Expectimax,Random,1048.0,1.0,1.0,1.0,7.0,0.0113643275690265,826.25
E2,,,,,,Expectimax vs Random,Expectimax,Random,1049.0,2.0,2.0,1.0,6.0,0.006323360823444091,519.0
E2,,,,,,Expectimax vs Random,Expectimax,Random,1050.0,1.0,1.0,1.0,7.0,0.010560368707436802,775.5
E2,,,,,,Expectimax vs Random,Expectimax,Random,1051.0,2.0,2.0,1.0,6.0,0.008217347499642832,697.0
E2,,,,,,Expectimax vs Random,Expectimax,Random,1052.0,1.0,1.0,1.0,5.0,0.011270708008669316,735.0
E2,,,,,,Expectimax vs Random,Expectimax,Random,1053.0,2.0,2.0,1.0,6.0,0.004773881839355454,407.3333333333333
E2,,,,,,Expectimax vs Random,Expectimax,Random,1054.0,1.0,1.0,1.0,7.0,0.008553035860781424,634.75
E2,,,,,,Expectimax vs Random,Expectimax,Random,1055.0,2.0,2.0,1.0,6.0,0.01306616649768936,1073.0
E2,,,,,,Expectimax vs Random,Expectimax,Random,1056.0,1.0,1.0,1.0,5.0,0.018521341803716496,1309.0
E2,,,,,,Expectimax vs Random,Expectimax,Random,1057.0,2.0,2.0,1.0,6.0,0.008365396162844263,732.3333333333334
E2,,,,,,Expectimax vs Random,Expectimax,Random,1058.0,1.0,1.0,1.0,7.0,0.013683767423831992,1021.25
E2,,,,,,Expectimax vs Random,Expectimax,Random,1059.0,2.0,2.0,1.0,6.0,0.009080555323938219,769.3333333333334
E2,,,,,,Expectimax vs Random,Expectimax,Random,1060.0,1.0,1.0,1.0,5.0,0.01928895841119811,1315.6666666666667
E2,,,,,,Expectimax vs Random,Expectimax,Random,1061.0,2.0,2.0,1.0,6.0,0.012126027504564263,933.6666666666666
E2,,,,,,Expectimax vs Random,Expectimax,Random,1062.0,1.0,2.0,0.0,6.0,0.018411187498713844,1399.0
E2,,,,,,Expectimax vs Random,Expectimax,Random,1063.0,2.0,2.0,1.0,6.0,0.0040612916588239996,326.0
E2,,,,,,Expectimax vs Random,Expectimax,Random,1064.0,1.0,1.0,1.0,7.0,0.021944214290540134,1487.25
E2,,,,,,Expectimax vs Random,Expectimax,Random,1065.0,2.0,2.0,1.0,6.0,0.011718659496788556,908.0
E2,,,,,,Expectimax vs Random,Expectimax,Random,1066.0,1.0,1.0,1.0,5.0,0.01421561698662117,902.3333333333334
E2,,,,,,Expectimax vs Random,Expectimax,Random,1067.0,2.0,2.0,1.0,6.0,0.009006263833725825,674.0
E2,,,,,,Expectimax vs Random,Expectimax,Random,1068.0,1.0,1.0,1.0,7.0,0.01666314872064894,1182.25
E2,,,,,,Expectimax vs Random,Expectimax,Random,1069.0,2.0,2.0,1.0,4.0,0.004450239510333631,346.5
E2,,,,,,Expectimax vs Random,Expectimax,Random,1070.0,1.0,1.0,1.0,7.0,0.01192972029093653,827.75
E2,,,,,,Expectimax vs Random,Expectimax,Random,1071.0,2.0,2.0,1.0,6.0,0.006365909333302018,452.6666666666667
E2,,,,,,Expectimax vs Random,Expectimax,Random,1072.0,1.0,1.0,1.0,7.0,0.008730559559938098,562.0
E2,,,,,,Expectimax vs Random,Expectimax,Random,1073.0,2.0,2.0,1.0,6.0,0.005393416329752654,477.0
E2,,,,,,Expectimax vs Random,Expectimax,Random,1074.0,1.0,1.0,1.0,5.0,0.014159016602206975,883.6666666666666
E2,,,,,,Expectimax vs Random,Expectimax,Random,1075.0,2.0,2.0,1.0,6.0,0.010337951500938894,842.0
E2,,,,,,Expectimax vs Random,Expectimax,Random,1076.0,1.0,1.0,1.0,7.0,0.008701077138539404,597.25
E2,,,,,,Expectimax vs Random,Expectimax,Random,1077.0,2.0,2.0,1.0,4.0,0.004469052240892779,395.0
E2,,,,,,Expectimax vs Random,Expectimax,Random,1078.0,1.0,1.0,1.0,5.0,0.012823407998075709,823.6666666666666
E2,,,,,,Expectimax vs Random,Expectimax,Random,1079.0,2.0,2.0,1.0,4.0,0.0011899797391379252,105.5
E2,,,,,,Expectimax vs Random,Expectimax,Random,1080.0,1.0,1.0,1.0,5.0,0.02942760839359835,1968.6666666666667
E2,,,,,,Expectimax vs Random,Expectimax,Random,1081.0,2.0,2.0,1.0,6.0,0.0027232774931083745,226.0
E2,,,,,,Expectimax vs Random,Expectimax,Random,1082.0,1.0,1.0,1.0,7.0,0.005485446433470186,359.25
E2,,,,,,Expectimax vs Random,Expectimax,Random,1083.0,2.0,2.0,1.0,6.0,0.005308125172935736,421.3333333333333
E2,,,,,,Expectimax vs Random,Expectimax,Random,1084.0,1.0,1.0,1.0,5.0,0.02364209179067984,1556.0
E2,,,,,,Expectimax vs Random,Expectimax,Random,1085.0,2.0,2.0,1.0,6.0,0.006363708491941604,569.3333333333334
E2,,,,,,Expectimax vs Random,Expectimax,Random,1086.0,1.0,1.0,1.0,5.0,0.01685362519347109,1257.3333333333333
E2,,,,,,Expectimax vs Random,Expectimax,Random,1087.0,2.0,2.0,1.0,6.0,0.01188653482919714,968.3333333333334
E2,,,,,,Expectimax vs Random,Expectimax,Random,1088.0,1.0,1.0,1.0,5.0,0.0124467501998879,901.0
E2,,,,,,Expectimax vs Random,Expectimax,Random,1089.0,2.0,2.0,1.0,6.0,0.004744673666815895,377.0
E2,,,,,,Expectimax vs Random,Expectimax,Random,1090.0,1.0,1.0,1.0,7.0,0.008277982140758209,593.75
E2,,,,,,Expectimax vs Random,Expectimax,Random,1091.0,2.0,2.0,1.0,6.0,0.0032958126733622826,259.6666666666667
E2,,,,,,Expectimax vs Random,Expectimax,Random,1092.0,1.0,2.0,0.0,6.0,0.013678687338445647,1120.3333333333333
E2,,,,,,Expectimax vs Random,Expectimax,Random,1093.0,2.0,2.0,1.0,6.0,0.002383339994897445,203.33333333333334
E2,,,,,,Expectimax vs Random,Expectimax,Random,1094.0,1.0,1.0,1.0,7.0,0.016750309570592696,1208.0
E2,,,,,,Expectimax vs Random,Expectimax,Random,1095.0,2.0,2.0,1.0,6.0,0.0028150903284161664,237.33333333333334
E2,,,,,,Expectimax vs Random,Expectimax,Random,1096.0,1.0,1.0,1.0,7.0,0.007004613002728937,547.0
E2,,,,,,Expectimax vs Random,Expectimax,Random,1097.0,2.0,2.0,1.0,6.0,0.003414256832911633,314.0
E2,,,,,,Expectimax vs Random,Expectimax,Random,1098.0,1.0,2.0,0.0,6.0,0.02602844450545187,2137.0
E2,,,,,,Expectimax vs Random,Expectimax,Random,1099.0,2.0,2.0,1.0,6.0,0.003362513831234537,262.0
E3,2.0,,,,,Minimax(d=2) vs Stratagem,Minimax(d=2),Stratagem,1000.0,1.0,1.0,1.0,3.0,0.40944423600255203,258.5
E3,2.0,,,,,Minimax(d=2) vs Stratagem,Minimax(d=2),Stratagem,1001.0,2.0,1.0,0.0,5.0,0.13119037499418482,66.5
E3,2.0,,,,,Minimax(d=2) vs Stratagem,Minimax(d=2),Stratagem,1002.0,1.0,2.0,0.0,4.0,0.3273580312525155,433.0
E3,2.0,,,,,Minimax(d=2) vs Stratagem,Minimax(d=2),Stratagem,1003.0,2.0,2.0,1.0,4.0,0.679000729258405,170.5
E3,2.0,,,,,Minimax(d=2) vs Stratagem,Minimax(d=2),Stratagem,1004.0,1.0,2.0,0.0,6.0,0.18505570816826852,194.0
E3,2.0,,,,,Minimax(d=2) vs Stratagem,Minimax(d=2),Stratagem,1005.0,2.0,1.0,0.0,5.0,0.7030763329996261,213.0
E3,2.0,,,,,Minimax(d=2) vs Stratagem,Minimax(d=2),Stratagem,1006.0,1.0,2.0,0.0,4.0,0.2938419792553759,403.0
E3,2.0,,,,,Minimax(d=2) vs Stratagem,Minimax(d=2),Stratagem,1007.0,2.0,1.0,0.0,5.0,0.12345690840738825,66.5
E3,2.0,,,,,Minimax(d=2) vs Stratagem,Minimax(d=2),Stratagem,1008.0,1.0,2.0,0.0,6.0,0.16916377083786452,136.33333333333334
E3,2.0,,,,,Minimax(d=2) vs Stratagem,Minimax(d=2),Stratagem,1009.0,2.0,1.0,0.0,5.0,0.6522002918005455,213.0
E3,2.0,,,,,Minimax(d=2) vs Stratagem,Minimax(d=2),Stratagem,1010.0,1.0,2.0,0.0,4.0,0.3061221980024129,403.0
E3,2.0,,,,,Minimax(d=2) vs Stratagem,Minimax(d=2),Stratagem,1011.0,2.0,1.0,0.0,3.0,0.3935637636653458,335.0
E3,2.0,,,,,Minimax(d=2) vs Stratagem,Minimax(d=2),Stratagem,1012.0,1.0,2.0,0.0,6.0,0.20622164582891855,262.3333333333333
E3,2.0,,,,,Minimax(d=2) vs Stratagem,Minimax(d=2),Stratagem,1013.0,2.0,1.0,0.0,3.0,1.1111896803292136,435.0
E3,2.0,,,,,Minimax(d=2) vs Stratagem,Minimax(d=2),Stratagem,1014.0,1.0,1.0,1.0,5.0,0.06310577539843507,96.66666666666667
E3,2.0,,,,,Minimax(d=2) vs Stratagem,Minimax(d=2),Stratagem,1015.0,2.0,1.0,0.0,7.0,0.24926126772022275,116.0
E3,2.0,,,,,Minimax(d=2) vs Stratagem,Minimax(d=2),Stratagem,1016.0,1.0,1.0,1.0,5.0,0.23151445819530636,255.33333333333334
E3,2.0,,,,,Minimax(d=2) vs Stratagem,Minimax(d=2),Stratagem,1017.0,2.0,1.0,0.0,5.0,0.4556944415962789,310.0
E3,2.0,,,,,Minimax(d=2) vs Stratagem,Minimax(d=2),Stratagem,1018.0,1.0,1.0,1.0,5.0,0.06895821660291404,105.33333333333333
E3,2.0,,,,,Minimax(d=2) vs Stratagem,Minimax(d=2),Stratagem,1019.0,2.0,1.0,0.0,5.0,0.5273115584044717,241.0
E3,2.0,,,,,Minimax(d=2) vs Stratagem,Minimax(d=2),Stratagem,1020.0,1.0,1.0,1.0,5.0,0.2038787917990703,206.33333333333334
E3,2.0,,,,,Minimax(d=2) vs Stratagem,Minimax(d=2),Stratagem,1021.0,2.0,1.0,0.0,3.0,0.4135181110080642,104.0
E3,2.0,,,,,Minimax(d=2) vs Stratagem,Minimax(d=2),Stratagem,1022.0,1.0,1.0,1.0,5.0,0.2759791000047699,218.0
E3,2.0,,,,,Minimax(d=2) vs Stratagem,Minimax(d=2),Stratagem,1023.0,2.0,1.0,0.0,5.0,0.4884522581938654,324.0
E3,2.0,,,,,Minimax(d=2) vs Stratagem,Minimax(d=2),Stratagem,1024.0,1.0,2.0,0.0,6.0,0.1782837778349252,150.66666666666666
E3,2.0,,,,,Minimax(d=2) vs Stratagem,Minimax(d=2),Stratagem,1025.0,2.0,2.0,1.0,6.0,0.31848541666113306,119.33333333333333
E3,2.0,,,,,Minimax(d=2) vs Stratagem,Minimax(d=2),Stratagem,1026.0,1.0,2.0,0.0,6.0,0.19440938183591547,178.66666666666666
E3,2.0,,,,,Minimax(d=2) vs Stratagem,Minimax(d=2),Stratagem,1027.0,2.0,2.0,1.0,4.0,0.20931601049232995,137.0
E3,2.0,,,,,Minimax(d=2) vs Stratagem,Minimax(d=2),Stratagem,1028.0,1.0,1.0,1.0,5.0,0.2039208001922816,207.33333333333334
E3,2.0,,,,,Minimax(d=2) vs Stratagem,Minimax(d=2),Stratagem,1029.0,2.0,1.0,0.0,5.0,0.7049111500033177,256.5
E3,2.0,,,,,Minimax(d=2) vs Stratagem,Minimax(d=2),Stratagem,1030.0,1.0,1.0,1.0,5.0,0.23702450020355173,173.33333333333334
E3,2.0,,,,,Minimax(d=2) vs Stratagem,Minimax(d=2),Stratagem,1031.0,2.0,1.0,0.0,1.0,1.1787217500095721,0.0
E3,2.0,,,,,Minimax(d=2) vs Stratagem,Minimax(d=2),Stratagem,1032.0,1.0,1.0,1.0,5.0,0.19387283360119908,206.33333333333334
E3,2.0,,,,,Minimax(d=2) vs Stratagem,Minimax(d=2),Stratagem,1033.0,2.0,1.0,0.0,5.0,0.23520013359957376,244.0
E3,2.0,,,,,Minimax(d=2) vs Stratagem,Minimax(d=2),Stratagem,1034.0,1.0,1.0,1.0,5.0,0.04419976659119129,126.66666666666667
E3,2.0,,,,,Minimax(d=2) vs Stratagem,Minimax(d=2),Stratagem,1035.0,2.0,1.0,0.0,3.0,0.6812033190023309,130.0
E3,2.0,,,,,Minimax(d=2) vs Stratagem,Minimax(d=2),Stratagem,1036.0,1.0,1.0,1.0,5.0,0.03717812499962747,96.33333333333333
E3,2.0,,,,,Minimax(d=2) vs Stratagem,Minimax(d=2),Stratagem,1037.0,2.0,1.0,0.0,3.0,0.3614027359969138,335.0
E3,2.0,,,,,Minimax(d=2) vs Stratagem,Minimax(d=2),Stratagem,1038.0,1.0,2.0,0.0,6.0,0.15204632633443302,215.66666666666666
E3,2.0,,,,,Minimax(d=2) vs Stratagem,Minimax(d=2),Stratagem,1039.0,2.0,2.0,1.0,2.0,0.7681660620000912,56.0
E3,2.0,,,,,Minimax(d=2) vs Stratagem,Minimax(d=2),Stratagem,1040.0,1.0,2.0,0.0,6.0,0.17717890983234005,136.33333333333334
E3,2.0,,,,,Minimax(d=2) vs Stratagem,Minimax(d=2),Stratagem,1041.0,2.0,1.0,0.0,5.0,0.3565315420040861,211.5
E3,2.0,,,,,Minimax(d=2) vs Stratagem,Minimax(d=2),Stratagem,1042.0,1.0,2.0,0.0,6.0,0.17664256250524582,161.66666666666666
E3,2.0,,,,,Minimax(d=2) vs Stratagem,Minimax(d=2),Stratagem,1043.0,2.0,1.0,0.0,5.0,0.27284007520065645,117.0
E3,2.0,,,,,Minimax(d=2) vs Stratagem,Minimax(d=2),Stratagem,1044.0,1.0,2.0,0.0,6.0,0.1772319723337811,144.0
E3,2.0,,,,,Minimax(d=2) vs Stratagem,Minimax(d=2),Stratagem,1045.0,2.0,1.0,0.0,3.0,0.8087724443272842,348.0
E3,2.0,,,,,Minimax(d=2) vs Stratagem,Minimax(d=2),Stratagem,1046.0,1.0,1.0,1.0,5.0,0.14117463300353847,126.33333333333333
E3,2.0,,,,,Minimax(d=2) vs Stratagem,Minimax(d=2),Stratagem,1047.0,2.0,1.0,0.0,5.0,0.64601967499475,213.0
E3,2.0,,,,,Minimax(d=2) vs Stratagem,Minimax(d=2),Stratagem,1048.0,1.0,2.0,0.0,6.0,0.07632458333197671,159.33333333333334
E3,2.0,,,,,Minimax(d=2) vs Stratagem,Minimax(d=2),Stratagem,1049.0,2.0,1.0,0.0,3.0,1.0843091943340066,401.0
E3,2.0,,,,,Expectimax(d=2) vs Stratagem,Expectimax(d=2),Stratagem,1000.0,1.0,1.0,1.0,3.0,0.36610556999221444,1638.0
E3,2.0,,,,,Expectimax(d=2) vs Stratagem,Expectimax(d=2),Stratagem,1001.0,2.0,1.0,0.0,5.0,0.12344579979544505,250.0
E3,2.0,,,,,Expectimax(d=2) vs Stratagem,Expectimax(d=2),Stratagem,1002.0,1.0,1.0,1.0,3.0,0.3152213469923784,1765.5
E3,2.0,,,,,Expectimax(d=2) vs Stratagem,Expectimax(d=2),Stratagem,1003.0,2.0,2.0,1.0,4.0,0.6904340834880713,1486.0
E3,2.0,,,,,Expectimax(d=2) vs Stratagem,Expectimax(d=2),Stratagem,1004.0,1.0,1.0,1.0,5.0,0.26150518319918775,1511.0
E3,2.0,,,,,Expectimax(d=2) vs Stratagem,Expectimax(d=2),Stratagem,1005.0,2.0,1.0,0.0,5.0,0.6988622167962604,1698.0
E3,2.0,,,,,Expectimax(d=2) vs Stratagem,Expectimax(d=2),Stratagem,1006.0,1.0,1.0,1.0,3.0,0.3798173893301282,1638.0
E3,2.0,,,,,Expectimax(d=2) vs Stratagem,Expectimax(d=2),Stratagem,1007.0,2.0,1.0,0.0,5.0,0.13238259159261362,250.0
E3,2.0,,,,,Expectimax(d=2) vs Stratagem,Expectimax(d=2),Stratagem,1008.0,1.0,2.0,0.0,6.0,0.21704829166507503,1221.0
E3,2.0,,,,,Expectimax(d=2) vs Stratagem,Expectimax(d=2),Stratagem,1009.0,2.0,1.0,0.0,5.0,0.6472374334000051,1638.0
E3,2.0,,,,,Expectimax(d=2) vs Stratagem,Expectimax(d=2),Stratagem,1010.0,1.0,1.0,1.0,3.0,0.3601583886678175,1638.0
E3,2.0,,,,,Expectimax(d=2) vs Stratagem,Expectimax(d=2),Stratagem,1011.0,2.0,1.0,0.0,5.0,0.2882416749896947,1036.5
E3,2.0,,,,,Expectimax(d=2) vs Stratagem,Expectimax(d=2),Stratagem,1012.0,1.0,1.0,1.0,3.0,0.3625487219930316,2498.0
E3,2.0,,,,,Expectimax(d=2) vs Stratagem,Expectimax(d=2),Stratagem,1013.0,2.0,1.0,0.0,5.0,0.6814784413960296,849.5
E3,2.0,,,,,Expectimax(d=2) vs Stratagem,Expectimax(d=2),Stratagem,1014.0,1.0,2.0,0.0,6.0,0.11712414617068134,850.0
E3,2.0,,,,,Expectimax(d=2) vs Stratagem,Expectimax(d=2),Stratagem,1015.0,2.0,2.0,1.0,6.0,0.28569061832968146,600.3333333333334
E3,2.0,,,,,Expectimax(d=2) vs Stratagem,Expectimax(d=2),Stratagem,1016.0,1.0,1.0,1.0,3.0,0.29516722267726436,3043.5
E3,2.0,,,,,Expectimax(d=2) vs Stratagem,Expectimax(d=2),Stratagem,1017.0,2.0,1.0,0.0,5.0,0.4561038250045385,1638.0
E3,2.0,,,,,Expectimax(d=2) vs Stratagem,Expectimax(d=2),Stratagem,1018.0,1.0,2.0,0.0,6.0,0.13085672232652237,850.0
E3,2.0,,,,,Expectimax(d=2) vs Stratagem,Expectimax(d=2),Stratagem,1019.0,2.0,2.0,1.0,6.0,0.43616777133623447,947.6666666666666
E3,2.0,,,,,Expectimax(d=2) vs Stratagem,Expectimax(d=2),Stratagem,1020.0,1.0,1.0,1.0,3.0,0.28661379166684736,3171.0
E3,2.0,,,,,Expectimax(d=2) vs Stratagem,Expectimax(d=2),Stratagem,1021.0,2.0,1.0,0.0,3.0,0.40081924966458854,743.0
E3,2.0,,,,,Expectimax(d=2) vs Stratagem,Expectimax(d=2),Stratagem,1022.0,1.0,1.0,1.0,3.0,0.3736349859876403,1495.0
E3,2.0,,,,,Expectimax(d=2) vs Stratagem,Expectimax(d=2),Stratagem,1023.0,2.0,1.0,0.0,5.0,0.5125340502010658,1861.0
E3,2.0,,,,,Expectimax(d=2) vs Stratagem,Expectimax(d=2),Stratagem,1024.0,1.0,2.0,0.0,6.0,0.22123275683164442,1221.0
E3,2.0,,,,,Expectimax(d=2) vs Stratagem,Expectimax(d=2),Stratagem,1025.0,2.0,2.0,1.0,4.0,0.4782115000052727,1182.0
E3,2.0,,,,,Expectimax(d=2) vs Stratagem,Expectimax(d=2),Stratagem,1026.0,1.0,2.0,0.0,6.0,0.25174110449734144,1767.0
E3,2.0,,,,,Expectimax(d=2) vs Stratagem,Expectimax(d=2),Stratagem,1027.0,2.0,2.0,1.0,4.0,0.23630111424427014,726.5
E3,2.0,,,,,Expectimax(d=2) vs Stratagem,Expectimax(d=2),Stratagem,1028.0,1.0,1.0,1.0,3.0,0.28753712499747053,3171.0
E3,2.0,,,,,Expectimax(d=2) vs Stratagem,Expectimax(d=2),Stratagem,1029.0,2.0,1.0,0.0,5.0,0.6822788752091583,1634.5
E3,2.0,,,,,Expectimax(d=2) vs Stratagem,Expectimax(d=2),Stratagem,1030.0,1.0,1.0,1.0,3.0,0.327324722330862,1578.5
E3,2.0,,,,,Expectimax(d=2) vs Stratagem,Expectimax(d=2),Stratagem,1031.0,2.0,1.0,0.0,1.0,1.1561867500131484,0.0
E3,2.0,,,,,Expectimax(d=2) vs Stratagem,Expectimax(d=2),Stratagem,1032.0,1.0,1.0,1.0,3.0,0.29929797199050273,3171.0
E3,2.0,,,,,Expectimax(d=2) vs Stratagem,Expectimax(d=2),Stratagem,1033.0,2.0,1.0,0.0,7.0,0.18690417842922866,517.6666666666666
E3,2.0,,,,,Expectimax(d=2) vs Stratagem,Expectimax(d=2),Stratagem,1034.0,1.0,2.0,0.0,6.0,0.03743840283520209,813.3333333333334
E3,2.0,,,,,Expectimax(d=2) vs Stratagem,Expectimax(d=2),Stratagem,1035.0,2.0,1.0,0.0,5.0,0.4068642999860458,405.5
E3,2.0,,,,,Expectimax(d=2) vs Stratagem,Expectimax(d=2),Stratagem,1036.0,1.0,2.0,0.0,6.0,0.07656226400285959,661.3333333333334
E3,2.0,,,,,Expectimax(d=2) vs Stratagem,Expectimax(d=2),Stratagem,1037.0,2.0,1.0,0.0,5.0,0.2746146499936003,928.0
E3,2.0,,,,,Expectimax(d=2) vs Stratagem,Expectimax(d=2),Stratagem,1038.0,1.0,1.0,1.0,5.0,0.18732140000211076,1485.6666666666667
E3,2.0,,,,,Expectimax(d=2) vs Stratagem,Expectimax(d=2),Stratagem,1039.0,2.0,2.0,1.0,2.0,0.7481677290052176,56.0
E3,2.0,,,,,Expectimax(d=2) vs Stratagem,Expectimax(d=2),Stratagem,1040.0,1.0,2.0,0.0,6.0,0.2169668679998722,1193.6666666666667
E3,2.0,,,,,Expectimax(d=2) vs Stratagem,Expectimax(d=2),Stratagem,1041.0,2.0,2.0,1.0,4.0,0.42124586451245705,562.5
E3,2.0,,,,,Expectimax(d=2) vs Stratagem,Expectimax(d=2),Stratagem,1042.0,1.0,2.0,0.0,6.0,0.16322236817116695,2081.0
E3,2.0,,,,,Expectimax(d=2) vs Stratagem,Expectimax(d=2),Stratagem,1043.0,2.0,1.0,0.0,5.0,0.2712096414004918,340.0
E3,2.0,,,,,Expectimax(d=2) vs Stratagem,Expectimax(d=2),Stratagem,1044.0,1.0,2.0,0.0,6.0,0.2206894999932653,1636.0
E3,2.0,,,,,Expectimax(d=2) vs Stratagem,Expectimax(d=2),Stratagem,1045.0,2.0,1.0,0.0,7.0,0.3614673274278175,539.0
E3,2.0,,,,,Expectimax(d=2) vs Stratagem,Expectimax(d=2),Stratagem,1046.0,1.0,1.0,1.0,3.0,0.20034340300480835,1789.5
E3,2.0,,,,,Expectimax(d=2) vs Stratagem,Expectimax(d=2),Stratagem,1047.0,2.0,1.0,0.0,5.0,0.6355835750058759,1638.0
E3,2.0,,,,,Expectimax(d=2) vs Stratagem,Expectimax(d=2),Stratagem,1048.0,1.0,2.0,0.0,6.0,0.14960624998881636,1156.0
E3,2.0,,,,,Expectimax(d=2) vs Stratagem,Expectimax(d=2),Stratagem,1049.0,2.0,1.0,0.0,5.0,0.7058340583927929,1053.5
E3,3.0,,,,,Minimax(d=3) vs Stratagem,Minimax(d=3),Stratagem,1000.0,1.0,2.0,0.0,6.0,0.2799186875005641,1359.6666666666667
E3,3.0,,,,,Minimax(d=3) vs Stratagem,Minimax(d=3),Stratagem,1001.0,2.0,1.0,0.0,5.0,0.13728489180211909,204.0
E3,3.0,,,,,Minimax(d=3) vs Stratagem,Minimax(d=3),Stratagem,1002.0,1.0,1.0,1.0,5.0,0.3182514915999491,1187.3333333333333
E3,3.0,,,,,Minimax(d=3) vs Stratagem,Minimax(d=3),Stratagem,1003.0,2.0,1.0,0.0,5.0,0.6296026916010306,2124.0
E3,3.0,,,,,Minimax(d=3) vs Stratagem,Minimax(d=3),Stratagem,1004.0,1.0,2.0,0.0,6.0,0.1990444578405004,2433.6666666666665
E3,3.0,,,,,Minimax(d=3) vs Stratagem,Minimax(d=3),Stratagem,1005.0,2.0,1.0,0.0,5.0,0.7249633083934895,1868.0
E3,3.0,,,,,Minimax(d=3) vs Stratagem,Minimax(d=3),Stratagem,1006.0,1.0,2.0,0.0,6.0,0.28415513900108635,1451.3333333333333
E3,3.0,,,,,Minimax(d=3) vs Stratagem,Minimax(d=3),Stratagem,1007.0,2.0,1.0,0.0,5.0,0.12721372521482407,204.0
E3,3.0,,,,,Minimax(d=3) vs Stratagem,Minimax(d=3),Stratagem,1008.0,1.0,2.0,0.0,6.0,0.19700145833485294,1389.0
E3,3.0,,,,,Minimax(d=3) vs Stratagem,Minimax(d=3),Stratagem,1009.0,2.0,2.0,1.0,4.0,0.8841423540070537,2210.0
E3,3.0,,,,,Minimax(d=3) vs Stratagem,Minimax(d=3),Stratagem,1010.0,1.0,2.0,0.0,6.0,0.2891448054967138,1367.3333333333333
E3,3.0,,,,,Minimax(d=3) vs Stratagem,Minimax(d=3),Stratagem,1011.0,2.0,1.0,0.0,5.0,0.2975512168020941,683.0
E3,3.0,,,,,Minimax(d=3) vs Stratagem,Minimax(d=3),Stratagem,1012.0,1.0,2.0,0.0,6.0,0.36109086116872885,1806.6666666666667
E3,3.0,,,,,Minimax(d=3) vs Stratagem,Minimax(d=3),Stratagem,1013.0,2.0,1.0,0.0,5.0,0.730088750005234,604.5
E3,3.0,,,,,Minimax(d=3) vs Stratagem,Minimax(d=3),Stratagem,1014.0,1.0,2.0,0.0,6.0,0.14453873599510794,1617.6666666666667
E3,3.0,,,,,Minimax(d=3) vs Stratagem,Minimax(d=3),Stratagem,1015.0,2.0,2.0,1.0,6.0,0.31548297916015144,801.6666666666666
E3,3.0,,,,,Minimax(d=3) vs Stratagem,Minimax(d=3),Stratagem,1016.0,1.0,1.0,1.0,5.0,0.2782519248139579,1954.6666666666667
E3,3.0,,,,,Minimax(d=3) vs Stratagem,Minimax(d=3),Stratagem,1017.0,2.0,1.0,0.0,5.0,0.5018903248070273,1698.5
E3,3.0,,,,,Minimax(d=3) vs Stratagem,Minimax(d=3),Stratagem,1018.0,1.0,2.0,0.0,6.0,0.15067590266698971,1750.6666666666667
E3,3.0,,,,,Minimax(d=3) vs Stratagem,Minimax(d=3),Stratagem,1019.0,2.0,2.0,1.0,6.0,0.4901405206716542,888.0
E3,3.0,,,,,Minimax(d=3) vs Stratagem,Minimax(d=3),Stratagem,1020.0,1.0,1.0,1.0,5.0,0.25467765000648795,2174.3333333333335
E3,3.0,,,,,Minimax(d=3) vs Stratagem,Minimax(d=3),Stratagem,1021.0,2.0,1.0,0.0,3.0,0.4010175829947305,490.0
E3,3.0,,,,,Minimax(d=3) vs Stratagem,Minimax(d=3),Stratagem,1022.0,1.0,1.0,1.0,5.0,0.29229485819814727,1436.6666666666667
E3,3.0,,,,,Minimax(d=3) vs Stratagem,Minimax(d=3),Stratagem,1023.0,2.0,1.0,0.0,5.0,0.6081970497965813,1898.0
E3,3.0,,,,,Minimax(d=3) vs Stratagem,Minimax(d=3),Stratagem,1024.0,1.0,2.0,0.0,6.0,0.21138420833449345,1505.0
E3,3.0,,,,,Minimax(d=3) vs Stratagem,Minimax(d=3),Stratagem,1025.0,2.0,2.0,1.0,6.0,0.3306378195071981,676.6666666666666
E3,3.0,,,,,Minimax(d=3) vs Stratagem,Minimax(d=3),Stratagem,1026.0,1.0,2.0,0.0,6.0,0.23579316667261688,1883.0
E3,3.0,,,,,Minimax(d=3) vs Stratagem,Minimax(d=3),Stratagem,1027.0,2.0,2.0,1.0,6.0,0.15451750700594857,1104.0
E3,3.0,,,,,Minimax(d=3) vs Stratagem,Minimax(d=3),Stratagem,1028.0,1.0,1.0,1.0,5.0,0.2733432420005556,2166.6666666666665
E3,3.0,,,,,Minimax(d=3) vs Stratagem,Minimax(d=3),Stratagem,1029.0,2.0,2.0,1.0,6.0,0.6086278333241353,966.0
E3,3.0,,,,,Minimax(d=3) vs Stratagem,Minimax(d=3),Stratagem,1030.0,1.0,2.0,0.0,6.0,0.1809787498350488,2130.6666666666665
E3,3.0,,,,,Minimax(d=3) vs Stratagem,Minimax(d=3),Stratagem,1031.0,2.0,1.0,0.0,1.0,1.1337847910181154,0.0
E3,3.0,,,,,Minimax(d=3) vs Stratagem,Minimax(d=3),Stratagem,1032.0,1.0,1.0,1.0,5.0,0.2574744168086909,2174.3333333333335
E3,3.0,,,,,Minimax(d=3) vs Stratagem,Minimax(d=3),Stratagem,1033.0,2.0,2.0,1.0,6.0,0.21072556966585884,418.0
E3,3.0,,,,,Minimax(d=3) vs Stratagem,Minimax(d=3),Stratagem,1034.0,1.0,1.0,1.0,5.0,0.08847720860503613,1744.3333333333333
E3,3.0,,,,,Minimax(d=3) vs Stratagem,Minimax(d=3),Stratagem,1035.0,2.0,1.0,0.0,3.0,0.7046827780044017,478.0
E3,3.0,,,,,Minimax(d=3) vs Stratagem,Minimax(d=3),Stratagem,1036.0,1.0,1.0,1.0,7.0,0.04931895242771134,1098.0
E3,3.0,,,,,Minimax(d=3) vs Stratagem,Minimax(d=3),Stratagem,1037.0,2.0,1.0,0.0,5.0,0.2795399919967167,766.5
E3,3.0,,,,,Minimax(d=3) vs Stratagem,Minimax(d=3),Stratagem,1038.0,1.0,2.0,0.0,6.0,0.27288672916862805,2973.6666666666665
E3,3.0,,,,,Minimax(d=3) vs Stratagem,Minimax(d=3),Stratagem,1039.0,2.0,2.0,1.0,2.0,0.7599984789994778,56.0
E3,3.0,,,,,Minimax(d=3) vs Stratagem,Minimax(d=3),Stratagem,1040.0,1.0,2.0,0.0,6.0,0.19187465966873182,1423.0
E3,3.0,,,,,Minimax(d=3) vs Stratagem,Minimax(d=3),Stratagem,1041.0,2.0,2.0,1.0,6.0,0.3112465068358385,603.3333333333334
E3,3.0,,,,,Minimax(d=3) vs Stratagem,Minimax(d=3),Stratagem,1042.0,1.0,2.0,0.0,6.0,0.28308835399123683,3160.3333333333335
E3,3.0,,,,,Minimax(d=3) vs Stratagem,Minimax(d=3),Stratagem,1043.0,2.0,1.0,0.0,5.0,0.3080212501983624,292.5
E3,3.0,,,,,Minimax(d=3) vs Stratagem,Minimax(d=3),Stratagem,1044.0,1.0,2.0,0.0,6.0,0.2272893611661857,1825.6666666666667
E3,3.0,,,,,Minimax(d=3) vs Stratagem,Minimax(d=3),Stratagem,1045.0,2.0,1.0,0.0,3.0,0.8809487083247708,973.0
E3,3.0,,,,,Minimax(d=3) vs Stratagem,Minimax(d=3),Stratagem,1046.0,1.0,1.0,1.0,7.0,0.09647501200587223,1455.5
E3,3.0,,,,,Minimax(d=3) vs Stratagem,Minimax(d=3),Stratagem,1047.0,2.0,2.0,1.0,4.0,0.8844777917547617,2210.0
E3,3.0,,,,,Minimax(d=3) vs Stratagem,Minimax(d=3),Stratagem,1048.0,1.0,2.0,0.0,6.0,0.15639805549775096,2045.6666666666667
E3,3.0,,,,,Minimax(d=3) vs Stratagem,Minimax(d=3),Stratagem,1049.0,2.0,1.0,0.0,5.0,0.7262210502056405,853.0
E3,3.0,,,,,Expectimax(d=3) vs Stratagem,Expectimax(d=3),Stratagem,1000.0,1.0,1.0,1.0,3.0,0.8749685833366433,36288.0
E3,3.0,,,,,Expectimax(d=3) vs Stratagem,Expectimax(d=3),Stratagem,1001.0,2.0,1.0,0.0,7.0,0.1121740834330142,1347.3333333333333
E3,3.0,,,,,Expectimax(d=3) vs Stratagem,Expectimax(d=3),Stratagem,1002.0,1.0,2.0,0.0,6.0,0.5927813471741198,32623.666666666668
E3,3.0,,,,,Expectimax(d=3) vs Stratagem,Expectimax(d=3),Stratagem,1003.0,2.0,1.0,0.0,5.0,0.8193754501931835,28904.5
E3,3.0,,,,,Expectimax(d=3) vs Stratagem,Expectimax(d=3),Stratagem,1004.0,1.0,2.0,0.0,6.0,0.5984059931700662,39124.666666666664
E3,3.0,,,,,Expectimax(d=3) vs Stratagem,Expectimax(d=3),Stratagem,1005.0,2.0,1.0,0.0,5.0,0.9766845415928401,27194.5
E3,3.0,,,,,Expectimax(d=3) vs Stratagem,Expectimax(d=3),Stratagem,1006.0,1.0,2.0,0.0,6.0,0.5271490209949358,26947.333333333332
E3,3.0,,,,,Expectimax(d=3) vs Stratagem,Expectimax(d=3),Stratagem,1007.0,2.0,1.0,0.0,7.0,0.1194949762887388,1347.3333333333333
E3,3.0,,,,,Expectimax(d=3) vs Stratagem,Expectimax(d=3),Stratagem,1008.0,1.0,2.0,0.0,6.0,0.5301089651620714,28070.333333333332
E3,3.0,,,,,Expectimax(d=3) vs Stratagem,Expectimax(d=3),Stratagem,1009.0,2.0,1.0,0.0,5.0,0.887120049999794,26186.5
E3,3.0,,,,,Expectimax(d=3) vs Stratagem,Expectimax(d=3),Stratagem,1010.0,1.0,2.0,0.0,6.0,0.5074487988361701,26947.333333333332
E3,3.0,,,,,Expectimax(d=3) vs Stratagem,Expectimax(d=3),Stratagem,1011.0,2.0,1.0,0.0,5.0,0.37893302500597204,10104.5
E3,3.0,,,,,Expectimax(d=3) vs Stratagem,Expectimax(d=3),Stratagem,1012.0,1.0,2.0,0.0,6.0,0.8747575761663029,50965.666666666664
E3,3.0,,,,,Expectimax(d=3) vs Stratagem,Expectimax(d=3),Stratagem,1013.0,2.0,1.0,0.0,5.0,0.7834098497987725,9789.5
E3,3.0,,,,,Expectimax(d=3) vs Stratagem,Expectimax(d=3),Stratagem,1014.0,1.0,2.0,0.0,6.0,0.32776755550003145,17624.0
E3,3.0,,,,,Expectimax(d=3) vs Stratagem,Expectimax(d=3),Stratagem,1015.0,2.0,1.0,0.0,7.0,0.3755073750009095,10777.666666666666
E3,3.0,,,,,Expectimax(d=3) vs Stratagem,Expectimax(d=3),Stratagem,1016.0,1.0,1.0,1.0,5.0,1.0508500500058289,58908.666666666664
E3,3.0,,,,,Expectimax(d=3) vs Stratagem,Expectimax(d=3),Stratagem,1017.0,2.0,1.0,0.0,5.0,0.7221319498028607,27138.0
E3,3.0,,,,,Expectimax(d=3) vs Stratagem,Expectimax(d=3),Stratagem,1018.0,1.0,2.0,0.0,6.0,0.3451062016635357,18043.0
E3,3.0,,,,,Expectimax(d=3) vs Stratagem,Expectimax(d=3),Stratagem,1019.0,2.0,2.0,1.0,6.0,0.6422523681734068,15203.666666666666
E3,3.0,,,,,Expectimax(d=3) vs Stratagem,Expectimax(d=3),Stratagem,1020.0,1.0,2.0,0.0,6.0,0.9588580553390784,65683.66666666667
E3,3.0,,,,,Expectimax(d=3) vs Stratagem,Expectimax(d=3),Stratagem,1021.0,2.0,1.0,0.0,7.0,0.210861345574293,2389.0
E3,3.0,,,,,Expectimax(d=3) vs Stratagem,Expectimax(d=3),Stratagem,1022.0,1.0,2.0,0.0,6.0,0.6493549794977298,33860.0
E3,3.0,,,,,Expectimax(d=3) vs Stratagem,Expectimax(d=3),Stratagem,1023.0,2.0,1.0,0.0,5.0,0.8252954249968752,30059.5
E3,3.0,,,,,Expectimax(d=3) vs Stratagem,Expectimax(d=3),Stratagem,1024.0,1.0,2.0,0.0,6.0,0.5169609513347192,28070.333333333332
E3,3.0,,,,,Expectimax(d=3) vs Stratagem,Expectimax(d=3),Stratagem,1025.0,2.0,2.0,1.0,6.0,0.5091091943419693,14754.666666666666
E3,3.0,,,,,Expectimax(d=3) vs Stratagem,Expectimax(d=3),Stratagem,1026.0,1.0,2.0,0.0,6.0,0.7267132361642629,41470.333333333336
E3,3.0,,,,,Expectimax(d=3) vs Stratagem,Expectimax(d=3),Stratagem,1027.0,2.0,2.0,1.0,6.0,0.3007257501691735,12261.0
E3,3.0,,,,,Expectimax(d=3) vs Stratagem,Expectimax(d=3),Stratagem,1028.0,1.0,2.0,0.0,6.0,0.9770076738350326,65683.66666666667
E3,3.0,,,,,Expectimax(d=3) vs Stratagem,Expectimax(d=3),Stratagem,1029.0,2.0,1.0,0.0,5.0,0.896571199799655,24674.5
E3,3.0,,,,,Expectimax(d=3) vs Stratagem,Expectimax(d=3),Stratagem,1030.0,1.0,2.0,0.0,6.0,0.5012078958340377,35311.0
E3,3.0,,,,,Expectimax(d=3) vs Stratagem,Expectimax(d=3),Stratagem,1031.0,2.0,1.0,0.0,1.0,1.2086357090156525,0.0
E3,3.0,,,,,Expectimax(d=3) vs Stratagem,Expectimax(d=3),Stratagem,1032.0,1.0,2.0,0.0,6.0,0.9542761041714888,65683.66666666667
E3,3.0,,,,,Expectimax(d=3) vs Stratagem,Expectimax(d=3),Stratagem,1033.0,2.0,1.0,0.0,5.0,0.322033483593259,10354.5
E3,3.0,,,,,Expectimax(d=3) vs Stratagem,Expectimax(d=3),Stratagem,1034.0,1.0,1.0,1.0,5.0,0.35518974979640916,21598.666666666668
E3,3.0,,,,,Expectimax(d=3) vs Stratagem,Expectimax(d=3),Stratagem,1035.0,2.0,1.0,0.0,7.0,0.30827213714032303,2359.0
E3,3.0,,,,,Expectimax(d=3) vs Stratagem,Expectimax(d=3),Stratagem,1036.0,1.0,1.0,1.0,7.0,0.13540607742782282,8476.75
E3,3.0,,,,,Expectimax(d=3) vs Stratagem,Expectimax(d=3),Stratagem,1037.0,2.0,1.0,0.0,5.0,0.3636377834074665,10104.5
E3,3.0,,,,,Expectimax(d=3) vs Stratagem,Expectimax(d=3),Stratagem,1038.0,1.0,1.0,1.0,3.0,0.8899503750047492,47109.5
E3,3.0,,,,,Expectimax(d=3) vs Stratagem,Expectimax(d=3),Stratagem,1039.0,2.0,2.0,1.0,2.0,0.7226629999931902,56.0
E3,3.0,,,,,Expectimax(d=3) vs Stratagem,Expectimax(d=3),Stratagem,1040.0,1.0,2.0,0.0,6.0,0.5133085761675223,28076.0
E3,3.0,,,,,Expectimax(d=3) vs Stratagem,Expectimax(d=3),Stratagem,1041.0,2.0,1.0,0.0,5.0,0.4236260168021545,10264.5
E3,3.0,,,,,Expectimax(d=3) vs Stratagem,Expectimax(d=3),Stratagem,1042.0,1.0,1.0,1.0,3.0,1.5036772776705523,82274.0
E3,3.0,,,,,Expectimax(d=3) vs Stratagem,Expectimax(d=3),Stratagem,1043.0,2.0,1.0,0.0,5.0,0.3026309087930713,3322.0
E3,3.0,,,,,Expectimax(d=3) vs Stratagem,Expectimax(d=3),Stratagem,1044.0,1.0,1.0,1.0,5.0,0.795317391603021,40509.0
E3,3.0,,,,,Expectimax(d=3) vs Stratagem,Expectimax(d=3),Stratagem,1045.0,2.0,1.0,0.0,7.0,0.39134910099840325,4157.666666666667
E3,3.0,,,,,Expectimax(d=3) vs Stratagem,Expectimax(d=3),Stratagem,1046.0,1.0,1.0,1.0,7.0,0.4402265772847126,30107.25
E3,3.0,,,,,Expectimax(d=3) vs Stratagem,Expectimax(d=3),Stratagem,1047.0,2.0,1.0,0.0,5.0,0.8871595417964272,26186.5
E3,3.0,,,,,Expectimax(d=3) vs Stratagem,Expectimax(d=3),Stratagem,1048.0,1.0,2.0,0.0,6.0,0.41268481949615915,26335.333333333332
E3,3.0,,,,,Expectimax(d=3) vs Stratagem,Expectimax(d=3),Stratagem,1049.0,2.0,1.0,0.0,5.0,0.779233250406105,11091.5
E4,,,,,,Minimax vs Expectimax,Minimax,Expectimax,1000.0,1.0,2.0,0.0,4.0,0.04746679150412092,393.0
E4,,,,,,Minimax vs Expectimax,Minimax,Expectimax,1001.0,2.0,1.0,0.0,5.0,0.013483049994101748,248.0
E4,,,,,,Minimax vs Expectimax,Minimax,Expectimax,1002.0,1.0,2.0,0.0,4.0,0.044279353991441894,433.0
E4,,,,,,Minimax vs Expectimax,Minimax,Expectimax,1003.0,2.0,2.0,1.0,6.0,0.03509615283110179,124.33333333333333
E4,,,,,,Minimax vs Expectimax,Minimax,Expectimax,1004.0,1.0,1.0,1.0,5.0,0.03592311660177074,181.66666666666666
E4,,,,,,Minimax vs Expectimax,Minimax,Expectimax,1005.0,2.0,2.0,1.0,6.0,0.038486895835376345,96.33333333333333
E4,,,,,,Minimax vs Expectimax,Minimax,Expectimax,1006.0,1.0,2.0,0.0,4.0,0.04429887499281904,403.0
E4,,,,,,Minimax vs Expectimax,Minimax,Expectimax,1007.0,2.0,1.0,0.0,5.0,0.014038358209654688,248.0
E4,,,,,,Minimax vs Expectimax,Minimax,Expectimax,1008.0,1.0,1.0,1.0,5.0,0.034913708397652954,120.66666666666667
E4,,,,,,Minimax vs Expectimax,Minimax,Expectimax,1009.0,2.0,2.0,1.0,6.0,0.03760562534444034,108.0
E4,,,,,,Minimax vs Expectimax,Minimax,Expectimax,1010.0,1.0,2.0,0.0,4.0,0.04593243748968234,403.0
E4,,,,,,Minimax vs Expectimax,Minimax,Expectimax,1011.0,2.0,1.0,0.0,3.0,0.028906388664230082,335.0
E4,,,,,,Minimax vs Expectimax,Minimax,Expectimax,1012.0,1.0,2.0,0.0,6.0,0.03862588199748037,273.0
E4,,,,,,Minimax vs Expectimax,Minimax,Expectimax,1013.0,2.0,1.0,0.0,5.0,0.04216172519954853,169.0
E4,,,,,,Minimax vs Expectimax,Minimax,Expectimax,1014.0,1.0,1.0,1.0,7.0,0.011189618991920725,99.25
E4,,,,,,Minimax vs Expectimax,Minimax,Expectimax,1015.0,2.0,2.0,1.0,6.0,0.02958416000183206,130.33333333333334
E4,,,,,,Minimax vs Expectimax,Minimax,Expectimax,1016.0,1.0,1.0,1.0,5.0,0.04842168319737539,255.33333333333334
E4,,,,,,Minimax vs Expectimax,Minimax,Expectimax,1017.0,2.0,1.0,0.0,5.0,0.03805319179082289,286.5
E4,,,,,,Minimax vs Expectimax,Minimax,Expectimax,1018.0,1.0,1.0,1.0,7.0,0.011817345428945763,82.75
E4,,,,,,Minimax vs Expectimax,Minimax,Expectimax,1019.0,2.0,1.0,0.0,5.0,0.04010141659528017,300.5
E4,,,,,,Minimax vs Expectimax,Minimax,Expectimax,1020.0,1.0,2.0,0.0,6.0,0.03986579166182006,224.0
E4,,,,,,Minimax vs Expectimax,Minimax,Expectimax,1021.0,2.0,1.0,0.0,3.0,0.03130206932352545,352.0
E4,,,,,,Minimax vs Expectimax,Minimax,Expectimax,1022.0,1.0,1.0,1.0,5.0,0.039120733400341126,252.0
E4,,,,,,Minimax vs Expectimax,Minimax,Expectimax,1023.0,2.0,1.0,0.0,5.0,0.03630339159280993,239.5
E4,,,,,,Minimax vs Expectimax,Minimax,Expectimax,1024.0,1.0,1.0,1.0,7.0,0.02088557742951837,106.0
E4,,,,,,Minimax vs Expectimax,Minimax,Expectimax,1025.0,2.0,1.0,0.0,5.0,0.03562730840058066,298.5
E4,,,,,,Minimax vs Expectimax,Minimax,Expectimax,1026.0,1.0,2.0,0.0,6.0,0.03142336099699605,178.66666666666666
E4,,,,,,Minimax vs Expectimax,Minimax,Expectimax,1027.0,2.0,2.0,1.0,6.0,0.015956562497497846,97.33333333333333
E4,,,,,,Minimax vs Expectimax,Minimax,Expectimax,1028.0,1.0,2.0,0.0,6.0,0.040235500166697115,217.33333333333334
E4,,,,,,Minimax vs Expectimax,Minimax,Expectimax,1029.0,2.0,2.0,1.0,6.0,0.03852588217220424,196.0
E4,,,,,,Minimax vs Expectimax,Minimax,Expectimax,1030.0,1.0,1.0,1.0,5.0,0.0333290665934328,181.66666666666666
E4,,,,,,Minimax vs Expectimax,Minimax,Expectimax,1031.0,2.0,1.0,0.0,5.0,0.017006391606992112,362.5
E4,,,,,,Minimax vs Expectimax,Minimax,Expectimax,1032.0,1.0,2.0,0.0,6.0,0.03974527766695246,224.0
E4,,,,,,Minimax vs Expectimax,Minimax,Expectimax,1033.0,2.0,1.0,0.0,5.0,0.02252712498884648,253.0
E4,,,,,,Minimax vs Expectimax,Minimax,Expectimax,1034.0,1.0,1.0,1.0,5.0,0.015015333401970565,126.66666666666667
E4,,,,,,Minimax vs Expectimax,Minimax,Expectimax,1035.0,2.0,2.0,1.0,6.0,0.023376805664156564,68.0
E4,,,,,,Minimax vs Expectimax,Minimax,Expectimax,1036.0,1.0,1.0,1.0,5.0,0.011000583600252866,96.33333333333333
E4,,,,,,Minimax vs Expectimax,Minimax,Expectimax,1037.0,2.0,1.0,0.0,3.0,0.025944444661339123,335.0
E4,,,,,,Minimax vs Expectimax,Minimax,Expectimax,1038.0,1.0,1.0,1.0,5.0,0.03318849999923259,203.33333333333334
E4,,,,,,Minimax vs Expectimax,Minimax,Expectimax,1039.0,2.0,2.0,1.0,6.0,0.031118770833321225,91.0
E4,,,,,,Minimax vs Expectimax,Minimax,Expectimax,1040.0,1.0,2.0,0.0,6.0,0.02769362516119145,142.33333333333334
E4,,,,,,Minimax vs Expectimax,Minimax,Expectimax,1041.0,2.0,1.0,0.0,5.0,0.02829624979640357,230.0
E4,,,,,,Minimax vs Expectimax,Minimax,Expectimax,1042.0,1.0,2.0,0.0,6.0,0.03481225016488073,138.66666666666666
E4,,,,,,Minimax vs Expectimax,Minimax,Expectimax,1043.0,2.0,1.0,0.0,5.0,0.01808707519667223,374.5
E4,,,,,,Minimax vs Expectimax,Minimax,Expectimax,1044.0,1.0,1.0,1.0,7.0,0.02508672043248745,102.5
E4,,,,,,Minimax vs Expectimax,Minimax,Expectimax,1045.0,2.0,1.0,0.0,3.0,0.04241788866541659,392.0
E4,,,,,,Minimax vs Expectimax,Minimax,Expectimax,1046.0,1.0,1.0,1.0,5.0,0.03178001680062152,130.66666666666666
E4,,,,,,Minimax vs Expectimax,Minimax,Expectimax,1047.0,2.0,2.0,1.0,6.0,0.036905312333450034,108.0
E4,,,,,,Minimax vs Expectimax,Minimax,Expectimax,1048.0,1.0,2.0,0.0,6.0,0.017340576339241427,163.33333333333334
E4,,,,,,Minimax vs Expectimax,Minimax,Expectimax,1049.0,2.0,1.0,0.0,5.0,0.042788441403536125,225.0
E4,,,,,,Minimax vs Expectimax,Minimax,Expectimax,1050.0,1.0,1.0,1.0,7.0,0.02076696457308052,106.0
E4,,,,,,Minimax vs Expectimax,Minimax,Expectimax,1051.0,2.0,2.0,1.0,6.0,0.038889138828380965,146.0
E4,,,,,,Minimax vs Expectimax,Minimax,Expectimax,1052.0,1.0,1.0,1.0,5.0,0.01900505000958219,123.66666666666667
E4,,,,,,Minimax vs Expectimax,Minimax,Expectimax,1053.0,2.0,1.0,0.0,5.0,0.017399741604458542,374.5
E4,,,,,,Minimax vs Expectimax,Minimax,Expectimax,1054.0,1.0,1.0,1.0,5.0,0.015514883189462125,129.33333333333334
E4,,,,,,Minimax vs Expectimax,Minimax,Expectimax,1055.0,2.0,2.0,1.0,6.0,0.03551098600049348,124.33333333333333
E4,,,,,,Minimax vs Expectimax,Minimax,Expectimax,1056.0,1.0,2.0,0.0,4.0,0.04671765599778155,385.5
E4,,,,,,Minimax vs Expectimax,Minimax,Expectimax,1057.0,2.0,1.0,0.0,5.0,0.025908324995543807,283.0
E4,,,,,,Minimax vs Expectimax,Minimax,Expectimax,1058.0,1.0,1.0,1.0,5.0,0.035569366795243695,181.66666666666666
E4,,,,,,Minimax vs Expectimax,Minimax,Expectimax,1059.0,2.0,2.0,1.0,6.0,0.03021197233950564,115.66666666666667
E4,,,,,,Minimax vs Expectimax,Minimax,Expectimax,1060.0,1.0,1.0,1.0,5.0,0.031273074808996174,191.66666666666666
E4,,,,,,Minimax vs Expectimax,Minimax,Expectimax,1061.0,2.0,1.0,0.0,5.0,0.03735418319702148,287.5
E4,,,,,,Minimax vs Expectimax,Minimax,Expectimax,1062.0,1.0,2.0,0.0,6.0,0.03191820834278284,150.0
E4,,,,,,Minimax vs Expectimax,Minimax,Expectimax,1063.0,2.0,1.0,0.0,5.0,0.04028780819498934,316.0
E4,,,,,,Minimax vs Expectimax,Minimax,Expectimax,1064.0,1.0,2.0,0.0,6.0,0.034744645658065565,138.66666666666666
E4,,,,,,Minimax vs Expectimax,Minimax,Expectimax,1065.0,2.0,2.0,1.0,6.0,0.03178318083034052,155.0
E4,,,,,,Minimax vs Expectimax,Minimax,Expectimax,1066.0,1.0,1.0,1.0,5.0,0.03189129140228033,149.33333333333334
E4,,,,,,Minimax vs Expectimax,Minimax,Expectimax,1067.0,2.0,1.0,0.0,5.0,0.04204351659282111,203.0
E4,,,,,,Minimax vs Expectimax,Minimax,Expectimax,1068.0,1.0,1.0,1.0,5.0,0.03423175819334574,181.66666666666666
E4,,,,,,Minimax vs Expectimax,Minimax,Expectimax,1069.0,2.0,1.0,0.0,5.0,0.03439601660356857,309.0
E4,,,,,,Minimax vs Expectimax,Minimax,Expectimax,1070.0,1.0,1.0,1.0,5.0,0.025066024804254995,176.33333333333334
E4,,,,,,Minimax vs Expectimax,Minimax,Expectimax,1071.0,2.0,2.0,1.0,6.0,0.02044880550238304,108.66666666666667
E4,,,,,,Minimax vs Expectimax,Minimax,Expectimax,1072.0,1.0,1.0,1.0,5.0,0.021406766603467985,122.0
E4,,,,,,Minimax vs Expectimax,Minimax,Expectimax,1073.0,2.0,2.0,1.0,6.0,0.025440416667455185,167.0
E4,,,,,,Minimax vs Expectimax,Minimax,Expectimax,1074.0,1.0,2.0,0.0,6.0,0.027704673494251136,142.33333333333334
E4,,,,,,Minimax vs Expectimax,Minimax,Expectimax,1075.0,2.0,2.0,1.0,6.0,0.029749367997283116,206.66666666666666
E4,,,,,,Minimax vs Expectimax,Minimax,Expectimax,1076.0,1.0,1.0,1.0,5.0,0.016550791403278708,129.33333333333334
E4,,,,,,Minimax vs Expectimax,Minimax,Expectimax,1077.0,2.0,1.0,0.0,3.0,0.0472580143250525,285.0
E4,,,,,,Minimax vs Expectimax,Minimax,Expectimax,1078.0,1.0,1.0,1.0,7.0,0.011840815144491248,82.75
E4,,,,,,Minimax vs Expectimax,Minimax,Expectimax,1079.0,2.0,1.0,0.0,3.0,0.02464094433040979,352.0
E4,,,,,,Minimax vs Expectimax,Minimax,Expectimax,1080.0,1.0,2.0,0.0,6.0,0.03732989599423794,166.33333333333334
E4,,,,,,Minimax vs Expectimax,Minimax,Expectimax,1081.0,2.0,1.0,0.0,5.0,0.041123899800004436,316.0
E4,,,,,,Minimax vs Expectimax,Minimax,Expectimax,1082.0,1.0,1.0,1.0,5.0,0.010683091793907806,95.0
E4,,,,,,Minimax vs Expectimax,Minimax,Expectimax,1083.0,2.0,2.0,1.0,6.0,0.03246595816744957,91.0
E4,,,,,,Minimax vs Expectimax,Minimax,Expectimax,1084.0,1.0,2.0,0.0,6.0,0.027586555341258645,197.33333333333334
E4,,,,,,Minimax vs Expectimax,Minimax,Expectimax,1085.0,2.0,1.0,0.0,3.0,0.04401877766940743,447.0
E4,,,,,,Minimax vs Expectimax,Minimax,Expectimax,1086.0,1.0,2.0,0.0,4.0,0.044388374997652136,433.0
E4,,,,,,Minimax vs Expectimax,Minimax,Expectimax,1087.0,2.0,2.0,1.0,6.0,0.027264722327042062,164.0
E4,,,,,,Minimax vs Expectimax,Minimax,Expectimax,1088.0,1.0,1.0,1.0,5.0,0.019922966393642126,134.0
E4,,,,,,Minimax vs Expectimax,Minimax,Expectimax,1089.0,2.0,1.0,0.0,5.0,0.03677900020265952,241.0
E4,,,,,,Minimax vs Expectimax,Minimax,Expectimax,1090.0,1.0,1.0,1.0,5.0,0.017184824793366714,144.66666666666666
E4,,,,,,Minimax vs Expectimax,Minimax,Expectimax,1091.0,2.0,1.0,0.0,7.0,0.01303241670913329,166.33333333333334
E4,,,,,,Minimax vs Expectimax,Minimax,Expectimax,1092.0,1.0,2.0,0.0,6.0,0.017217312333135244,138.33333333333334
E4,,,,,,Minimax vs Expectimax,Minimax,Expectimax,1093.0,2.0,1.0,0.0,3.0,0.024697694325974833,352.0
E4,,,,,,Minimax vs Expectimax,Minimax,Expectimax,1094.0,1.0,1.0,1.0,5.0,0.03512018360197544,190.33333333333334
E4,,,,,,Minimax vs Expectimax,Minimax,Expectimax,1095.0,2.0,2.0,1.0,6.0,0.023227069337735884,68.0
E4,,,,,,Minimax vs Expectimax,Minimax,Expectimax,1096.0,1.0,1.0,1.0,5.0,0.016548400005558506,123.66666666666667
E4,,,,,,Minimax vs Expectimax,Minimax,Expectimax,1097.0,2.0,1.0,0.0,5.0,0.03483450839994475,309.0
E4,,,,,,Minimax vs Expectimax,Minimax,Expectimax,1098.0,1.0,2.0,0.0,6.0,0.034725576338435836,166.33333333333334
E4,,,,,,Minimax vs Expectimax,Minimax,Expectimax,1099.0,2.0,1.0,0.0,5.0,0.015006258600624277,213.0
E5,1.0,,,,,Minimax(d=1) vs Stratagem,Minimax(d=1),Stratagem,1000.0,1.0,1.0,1.0,3.0,0.263325930670059,54.0
E5,1.0,,,,,Minimax(d=1) vs Stratagem,Minimax(d=1),Stratagem,1001.0,2.0,1.0,0.0,5.0,0.12704369979328475,10.0
E5,1.0,,,,,Minimax(d=1) vs Stratagem,Minimax(d=1),Stratagem,1002.0,1.0,1.0,1.0,3.0,0.35548527766756405,49.5
E5,1.0,,,,,Minimax(d=1) vs Stratagem,Minimax(d=1),Stratagem,1003.0,2.0,1.0,0.0,5.0,0.5197587001952343,42.5
E5,1.0,,,,,Minimax(d=1) vs Stratagem,Minimax(d=1),Stratagem,1004.0,1.0,2.0,0.0,6.0,0.16567567383754067,42.666666666666664
E5,1.0,,,,,Minimax(d=1) vs Stratagem,Minimax(d=1),Stratagem,1005.0,2.0,1.0,0.0,5.0,0.6648372833908069,48.0
E5,1.0,,,,,Minimax(d=1) vs Stratagem,Minimax(d=1),Stratagem,1006.0,1.0,2.0,0.0,6.0,0.18413825700311767,37.0
E5,1.0,,,,,Minimax(d=1) vs Stratagem,Minimax(d=1),Stratagem,1007.0,2.0,1.0,0.0,5.0,0.12520473340991883,10.0
E5,1.0,,,,,Minimax(d=1) vs Stratagem,Minimax(d=1),Stratagem,1008.0,1.0,2.0,0.0,6.0,0.15678986100344142,35.666666666666664
E5,1.0,,,,,Minimax(d=1) vs Stratagem,Minimax(d=1),Stratagem,1009.0,2.0,1.0,0.0,5.0,0.614424349804176,48.0
E5,1.0,,,,,Minimax(d=1) vs Stratagem,Minimax(d=1),Stratagem,1010.0,1.0,2.0,0.0,6.0,0.17747759750151695,37.0
E5,1.0,,,,,Minimax(d=1) vs Stratagem,Minimax(d=1),Stratagem,1011.0,2.0,1.0,0.0,5.0,0.26340785839711317,28.0
E5,1.0,,,,,Minimax(d=1) vs Stratagem,Minimax(d=1),Stratagem,1012.0,1.0,1.0,1.0,5.0,0.20685179160209372,39.666666666666664
E5,1.0,,,,,Minimax(d=1) vs Stratagem,Minimax(d=1),Stratagem,1013.0,2.0,1.0,0.0,5.0,0.6767689332074951,24.5
E5,1.0,,,,,Minimax(d=1) vs Stratagem,Minimax(d=1),Stratagem,1014.0,1.0,2.0,0.0,6.0,0.06951628483269208,35.666666666666664
E5,1.0,,,,,Minimax(d=1) vs Stratagem,Minimax(d=1),Stratagem,1015.0,2.0,1.0,0.0,7.0,0.23145322614332794,27.0
E5,1.0,,,,,Minimax(d=1) vs Stratagem,Minimax(d=1),Stratagem,1016.0,1.0,2.0,0.0,6.0,0.13848324999465453,46.666666666666664
E5,1.0,,,,,Minimax(d=1) vs Stratagem,Minimax(d=1),Stratagem,1017.0,2.0,1.0,0.0,5.0,0.41498625839012676,48.0
E5,1.0,,,,,Minimax(d=1) vs Stratagem,Minimax(d=1),Stratagem,1018.0,1.0,2.0,0.0,6.0,0.07253945150296204,34.0
E5,1.0,,,,,Minimax(d=1) vs Stratagem,Minimax(d=1),Stratagem,1019.0,2.0,2.0,1.0,6.0,0.42765879866298445,27.0
E5,1.0,,,,,Minimax(d=1) vs Stratagem,Minimax(d=1),Stratagem,1020.0,1.0,1.0,1.0,5.0,0.1625642999948468,49.666666666666664
E5,1.0,,,,,Minimax(d=1) vs Stratagem,Minimax(d=1),Stratagem,1021.0,2.0,1.0,0.0,3.0,0.3954666946665384,23.0
E5,1.0,,,,,Minimax(d=1) vs Stratagem,Minimax(d=1),Stratagem,1022.0,1.0,2.0,0.0,6.0,0.20903197200580811,32.333333333333336
E5,1.0,,,,,Minimax(d=1) vs Stratagem,Minimax(d=1),Stratagem,1023.0,2.0,1.0,0.0,5.0,0.502616550005041,46.0
E5,1.0,,,,,Minimax(d=1) vs Stratagem,Minimax(d=1),Stratagem,1024.0,1.0,2.0,0.0,6.0,0.17604347217032532,35.666666666666664
E5,1.0,,,,,Minimax(d=1) vs Stratagem,Minimax(d=1),Stratagem,1025.0,2.0,1.0,0.0,7.0,0.26203064857483177,39.0
E5,1.0,,,,,Minimax(d=1) vs Stratagem,Minimax(d=1),Stratagem,1026.0,1.0,2.0,0.0,6.0,0.19374597933104573,45.666666666666664
E5,1.0,,,,,Minimax(d=1) vs Stratagem,Minimax(d=1),Stratagem,1027.0,2.0,2.0,1.0,4.0,0.20111351000377908,51.5
E5,1.0,,,,,Minimax(d=1) vs Stratagem,Minimax(d=1),Stratagem,1028.0,1.0,1.0,1.0,5.0,0.1725446167984046,49.666666666666664
E5,1.0,,,,,Minimax(d=1) vs Stratagem,Minimax(d=1),Stratagem,1029.0,2.0,1.0,0.0,5.0,0.666560483397916,44.5
E5,1.0,,,,,Minimax(d=1) vs Stratagem,Minimax(d=1),Stratagem,1030.0,1.0,2.0,0.0,6.0,0.16806555550040989,46.0
E5,1.0,,,,,Minimax(d=1) vs Stratagem,Minimax(d=1),Stratagem,1031.0,2.0,1.0,0.0,1.0,1.139860957977362,0.0
E5,1.0,,,,,Minimax(d=1) vs Stratagem,Minimax(d=1),Stratagem,1032.0,1.0,1.0,1.0,5.0,0.159414924797602,49.666666666666664
E5,1.0,,,,,Minimax(d=1) vs Stratagem,Minimax(d=1),Stratagem,1033.0,2.0,2.0,1.0,6.0,0.1859229721594602,16.333333333333332
E5,1.0,,,,,Minimax(d=1) vs Stratagem,Minimax(d=1),Stratagem,1034.0,1.0,2.0,0.0,6.0,0.02784358300171637,56.0
E5,1.0,,,,,Minimax(d=1) vs Stratagem,Minimax(d=1),Stratagem,1035.0,2.0,1.0,0.0,3.0,0.6586373753283018,23.0
E5,1.0,,,,,Minimax(d=1) vs Stratagem,Minimax(d=1),Stratagem,1036.0,1.0,1.0,1.0,7.0,0.03898191671136634,30.75
E5,1.0,,,,,Minimax(d=1) vs Stratagem,Minimax(d=1),Stratagem,1037.0,2.0,1.0,0.0,5.0,0.24461310839978978,28.0
E5,1.0,,,,,Minimax(d=1) vs Stratagem,Minimax(d=1),Stratagem,1038.0,1.0,1.0,1.0,3.0,0.2982936666715735,56.0
E5,1.0,,,,,Minimax(d=1) vs Stratagem,Minimax(d=1),Stratagem,1039.0,2.0,2.0,1.0,2.0,0.7215463335014647,56.0
E5,1.0,,,,,Minimax(d=1) vs Stratagem,Minimax(d=1),Stratagem,1040.0,1.0,2.0,0.0,6.0,0.15700818017163934,34.0
E5,1.0,,,,,Minimax(d=1) vs Stratagem,Minimax(d=1),Stratagem,1041.0,2.0,2.0,1.0,6.0,0.26896826399024576,17.333333333333332
E5,1.0,,,,,Minimax(d=1) vs Stratagem,Minimax(d=1),Stratagem,1042.0,1.0,2.0,0.0,6.0,0.13816947216400877,54.0
E5,1.0,,,,,Minimax(d=1) vs Stratagem,Minimax(d=1),Stratagem,1043.0,2.0,1.0,0.0,7.0,0.2005853631417267,9.0
E5,1.0,,,,,Minimax(d=1) vs Stratagem,Minimax(d=1),Stratagem,1044.0,1.0,2.0,0.0,6.0,0.15952639566967264,42.666666666666664
E5,1.0,,,,,Minimax(d=1) vs Stratagem,Minimax(d=1),Stratagem,1045.0,2.0,1.0,0.0,5.0,0.4954790666059125,24.5
E5,1.0,,,,,Minimax(d=1) vs Stratagem,Minimax(d=1),Stratagem,1046.0,1.0,1.0,1.0,5.0,0.11804814180359244,51.333333333333336
E5,1.0,,,,,Minimax(d=1) vs Stratagem,Minimax(d=1),Stratagem,1047.0,2.0,1.0,0.0,5.0,0.6214468251971994,48.0
E5,1.0,,,,,Minimax(d=1) vs Stratagem,Minimax(d=1),Stratagem,1048.0,1.0,2.0,0.0,6.0,0.08981721550420237,42.666666666666664
E5,1.0,,,,,Minimax(d=1) vs Stratagem,Minimax(d=1),Stratagem,1049.0,2.0,1.0,0.0,5.0,0.6566767501994036,33.5
E5,2.0,,,,,Minimax(d=2) vs Stratagem,Minimax(d=2),Stratagem,1000.0,1.0,1.0,1.0,3.0,0.3783143193286378,258.5
E5,2.0,,,,,Minimax(d=2) vs Stratagem,Minimax(d=2),Stratagem,1001.0,2.0,1.0,0.0,5.0,0.1229648747947067,66.5
E5,2.0,,,,,Minimax(d=2) vs Stratagem,Minimax(d=2),Stratagem,1002.0,1.0,2.0,0.0,4.0,0.31838236425392097,433.0
E5,2.0,,,,,Minimax(d=2) vs Stratagem,Minimax(d=2),Stratagem,1003.0,2.0,2.0,1.0,4.0,0.6678003122506198,170.5
E5,2.0,,,,,Minimax(d=2) vs Stratagem,Minimax(d=2),Stratagem,1004.0,1.0,2.0,0.0,6.0,0.1857257848411488,194.0
E5,2.0,,,,,Minimax(d=2) vs Stratagem,Minimax(d=2),Stratagem,1005.0,2.0,1.0,0.0,5.0,0.6747736084042117,213.0
E5,2.0,,,,,Minimax(d=2) vs Stratagem,Minimax(d=2),Stratagem,1006.0,1.0,2.0,0.0,4.0,0.29710615600197343,403.0
E5,2.0,,,,,Minimax(d=2) vs Stratagem,Minimax(d=2),Stratagem,1007.0,2.0,1.0,0.0,5.0,0.12684952520648948,66.5
E5,2.0,,,,,Minimax(d=2) vs Stratagem,Minimax(d=2),Stratagem,1008.0,1.0,2.0,0.0,6.0,0.17018727099639364,136.33333333333334
E5,2.0,,,,,Minimax(d=2) vs Stratagem,Minimax(d=2),Stratagem,1009.0,2.0,1.0,0.0,5.0,0.6458995081891772,213.0
E5,2.0,,,,,Minimax(d=2) vs Stratagem,Minimax(d=2),Stratagem,1010.0,1.0,2.0,0.0,4.0,0.298670301992388,403.0
E5,2.0,,,,,Minimax(d=2) vs Stratagem,Minimax(d=2),Stratagem,1011.0,2.0,1.0,0.0,3.0,0.3755717920042419,335.0
E5,2.0,,,,,Minimax(d=2) vs Stratagem,Minimax(d=2),Stratagem,1012.0,1.0,2.0,0.0,6.0,0.19539043766174777,262.3333333333333
E5,2.0,,,,,Minimax(d=2) vs Stratagem,Minimax(d=2),Stratagem,1013.0,2.0,1.0,0.0,3.0,1.102605680663449,435.0
E5,2.0,,,,,Minimax(d=2) vs Stratagem,Minimax(d=2),Stratagem,1014.0,1.0,1.0,1.0,5.0,0.06349812499829569,96.66666666666667
E5,2.0,,,,,Minimax(d=2) vs Stratagem,Minimax(d=2),Stratagem,1015.0,2.0,1.0,0.0,7.0,0.23958018457467137,116.0
E5,2.0,,,,,Minimax(d=2) vs Stratagem,Minimax(d=2),Stratagem,1016.0,1.0,1.0,1.0,5.0,0.22625144199701025,255.33333333333334
E5,2.0,,,,,Minimax(d=2) vs Stratagem,Minimax(d=2),Stratagem,1017.0,2.0,1.0,0.0,5.0,0.4285500083991792,310.0
E5,2.0,,,,,Minimax(d=2) vs Stratagem,Minimax(d=2),Stratagem,1018.0,1.0,1.0,1.0,5.0,0.06834120840067044,105.33333333333333
E5,2.0,,,,,Minimax(d=2) vs Stratagem,Minimax(d=2),Stratagem,1019.0,2.0,1.0,0.0,5.0,0.5204046916041989,241.0
E5,2.0,,,,,Minimax(d=2) vs Stratagem,Minimax(d=2),Stratagem,1020.0,1.0,1.0,1.0,5.0,0.19512519159470684,206.33333333333334
E5,2.0,,,,,Minimax(d=2) vs Stratagem,Minimax(d=2),Stratagem,1021.0,2.0,1.0,0.0,3.0,0.39178634733737755,104.0
E5,2.0,,,,,Minimax(d=2) vs Stratagem,Minimax(d=2),Stratagem,1022.0,1.0,1.0,1.0,5.0,0.27458124999538996,218.0
E5,2.0,,,,,Minimax(d=2) vs Stratagem,Minimax(d=2),Stratagem,1023.0,2.0,1.0,0.0,5.0,0.4791343249962665,324.0
E5,2.0,,,,,Minimax(d=2) vs Stratagem,Minimax(d=2),Stratagem,1024.0,1.0,2.0,0.0,6.0,0.16784802100543553,150.66666666666666
E5,2.0,,,,,Minimax(d=2) vs Stratagem,Minimax(d=2),Stratagem,1025.0,2.0,2.0,1.0,6.0,0.3152941805019509,119.33333333333333
E5,2.0,,,,,Minimax(d=2) vs Stratagem,Minimax(d=2),Stratagem,1026.0,1.0,2.0,0.0,6.0,0.18717424983818395,178.66666666666666
E5,2.0,,,,,Minimax(d=2) vs Stratagem,Minimax(d=2),Stratagem,1027.0,2.0,2.0,1.0,4.0,0.19483314574608812,137.0
E5,2.0,,,,,Minimax(d=2) vs Stratagem,Minimax(d=2),Stratagem,1028.0,1.0,1.0,1.0,5.0,0.2011778582003899,207.33333333333334
E5,2.0,,,,,Minimax(d=2) vs Stratagem,Minimax(d=2),Stratagem,1029.0,2.0,1.0,0.0,5.0,0.6650135252042674,256.5
E5,2.0,,,,,Minimax(d=2) vs Stratagem,Minimax(d=2),Stratagem,1030.0,1.0,1.0,1.0,5.0,0.22147767499554902,173.33333333333334
E5,2.0,,,,,Minimax(d=2) vs Stratagem,Minimax(d=2),Stratagem,1031.0,2.0,1.0,0.0,1.0,1.1496740840084385,0.0
E5,2.0,,,,,Minimax(d=2) vs Stratagem,Minimax(d=2),Stratagem,1032.0,1.0,1.0,1.0,5.0,0.1931722663983237,206.33333333333334
E5,2.0,,,,,Minimax(d=2) vs Stratagem,Minimax(d=2),Stratagem,1033.0,2.0,1.0,0.0,5.0,0.2269826749979984,244.0
E5,2.0,,,,,Minimax(d=2) vs Stratagem,Minimax(d=2),Stratagem,1034.0,1.0,1.0,1.0,5.0,0.04340451660682447,126.66666666666667
E5,2.0,,,,,Minimax(d=2) vs Stratagem,Minimax(d=2),Stratagem,1035.0,2.0,1.0,0.0,3.0,0.6614427780053423,130.0
E5,2.0,,,,,Minimax(d=2) vs Stratagem,Minimax(d=2),Stratagem,1036.0,1.0,1.0,1.0,5.0,0.03506874979939312,96.33333333333333
E5,2.0,,,,,Minimax(d=2) vs Stratagem,Minimax(d=2),Stratagem,1037.0,2.0,1.0,0.0,3.0,0.34984866666491143,335.0
E5,2.0,,,,,Minimax(d=2) vs Stratagem,Minimax(d=2),Stratagem,1038.0,1.0,2.0,0.0,6.0,0.15108822217249931,215.66666666666666
E5,2.0,,,,,Minimax(d=2) vs Stratagem,Minimax(d=2),Stratagem,1039.0,2.0,2.0,1.0,2.0,0.7351823540084297,56.0
E5,2.0,,,,,Minimax(d=2) vs Stratagem,Minimax(d=2),Stratagem,1040.0,1.0,2.0,0.0,6.0,0.17435908333573025,136.33333333333334
E5,2.0,,,,,Minimax(d=2) vs Stratagem,Minimax(d=2),Stratagem,1041.0,2.0,1.0,0.0,5.0,0.33780305839609354,211.5
E5,2.0,,,,,Minimax(d=2) vs Stratagem,Minimax(d=2),Stratagem,1042.0,1.0,2.0,0.0,6.0,0.16267723582859617,161.66666666666666
E5,2.0,,,,,Minimax(d=2) vs Stratagem,Minimax(d=2),Stratagem,1043.0,2.0,1.0,0.0,5.0,0.267369474604493,117.0
E5,2.0,,,,,Minimax(d=2) vs Stratagem,Minimax(d=2),Stratagem,1044.0,1.0,2.0,0.0,6.0,0.1734894581604749,144.0
E5,2.0,,,,,Minimax(d=2) vs Stratagem,Minimax(d=2),Stratagem,1045.0,2.0,1.0,0.0,3.0,0.7964170693303458,348.0
E5,2.0,,,,,Minimax(d=2) vs Stratagem,Minimax(d=2),Stratagem,1046.0,1.0,1.0,1.0,5.0,0.14325154179823585,126.33333333333333
E5,2.0,,,,,Minimax(d=2) vs Stratagem,Minimax(d=2),Stratagem,1047.0,2.0,1.0,0.0,5.0,0.6307912163960282,213.0
E5,2.0,,,,,Minimax(d=2) vs Stratagem,Minimax(d=2),Stratagem,1048.0,1.0,2.0,0.0,6.0,0.07512557633162942,159.33333333333334
E5,2.0,,,,,Minimax(d=2) vs Stratagem,Minimax(d=2),Stratagem,1049.0,2.0,1.0,0.0,3.0,1.072325597332868,401.0
E5,3.0,,,,,Minimax(d=3) vs Stratagem,Minimax(d=3),Stratagem,1000.0,1.0,2.0,0.0,6.0,0.27323807633850566,1359.6666666666667
E5,3.0,,,,,Minimax(d=3) vs Stratagem,Minimax(d=3),Stratagem,1001.0,2.0,1.0,0.0,5.0,0.12843924179906024,204.0
E5,3.0,,,,,Minimax(d=3) vs Stratagem,Minimax(d=3),Stratagem,1002.0,1.0,1.0,1.0,5.0,0.3059503499942366,1187.3333333333333
E5,3.0,,,,,Minimax(d=3) vs Stratagem,Minimax(d=3),Stratagem,1003.0,2.0,1.0,0.0,5.0,0.6161320000013802,2124.0
E5,3.0,,,,,Minimax(d=3) vs Stratagem,Minimax(d=3),Stratagem,1004.0,1.0,2.0,0.0,6.0,0.18836534733418375,2433.6666666666665
E5,3.0,,,,,Minimax(d=3) vs Stratagem,Minimax(d=3),Stratagem,1005.0,2.0,1.0,0.0,5.0,0.7246184747957158,1868.0
E5,3.0,,,,,Minimax(d=3) vs Stratagem,Minimax(d=3),Stratagem,1006.0,1.0,2.0,0.0,6.0,0.2826165694956823,1451.3333333333333
E5,3.0,,,,,Minimax(d=3) vs Stratagem,Minimax(d=3),Stratagem,1007.0,2.0,1.0,0.0,5.0,0.1255982998001855,204.0
E5,3.0,,,,,Minimax(d=3) vs Stratagem,Minimax(d=3),Stratagem,1008.0,1.0,2.0,0.0,6.0,0.194438555505864,1389.0
E5,3.0,,,,,Minimax(d=3) vs Stratagem,Minimax(d=3),Stratagem,1009.0,2.0,2.0,1.0,4.0,0.8750885207482497,2210.0
E5,3.0,,,,,Minimax(d=3) vs Stratagem,Minimax(d=3),Stratagem,1010.0,1.0,2.0,0.0,6.0,0.2744809444945228,1367.3333333333333
E5,3.0,,,,,Minimax(d=3) vs Stratagem,Minimax(d=3),Stratagem,1011.0,2.0,1.0,0.0,5.0,0.2819691914017312,683.0
E5,3.0,,,,,Minimax(d=3) vs Stratagem,Minimax(d=3),Stratagem,1012.0,1.0,2.0,0.0,6.0,0.3413564095050485,1806.6666666666667
E5,3.0,,,,,Minimax(d=3) vs Stratagem,Minimax(d=3),Stratagem,1013.0,2.0,1.0,0.0,5.0,0.692129491805099,604.5
E5,3.0,,,,,Minimax(d=3) vs Stratagem,Minimax(d=3),Stratagem,1014.0,1.0,2.0,0.0,6.0,0.14139431249835374,1617.6666666666667
E5,3.0,,,,,Minimax(d=3) vs Stratagem,Minimax(d=3),Stratagem,1015.0,2.0,2.0,1.0,6.0,0.29936134716748103,801.6666666666666
E5,3.0,,,,,Minimax(d=3) vs Stratagem,Minimax(d=3),Stratagem,1016.0,1.0,1.0,1.0,5.0,0.2704608167987317,1954.6666666666667
E5,3.0,,,,,Minimax(d=3) vs Stratagem,Minimax(d=3),Stratagem,1017.0,2.0,1.0,0.0,5.0,0.49038534159772096,1698.5
E5,3.0,,,,,Minimax(d=3) vs Stratagem,Minimax(d=3),Stratagem,1018.0,1.0,2.0,0.0,6.0,0.14921846516275158,1750.6666666666667
E5,3.0,,,,,Minimax(d=3) vs Stratagem,Minimax(d=3),Stratagem,1019.0,2.0,2.0,1.0,6.0,0.4679737220042928,888.0
E5,3.0,,,,,Minimax(d=3) vs Stratagem,Minimax(d=3),Stratagem,1020.0,1.0,1.0,1.0,5.0,0.2513349331973586,2174.3333333333335
E5,3.0,,,,,Minimax(d=3) vs Stratagem,Minimax(d=3),Stratagem,1021.0,2.0,1.0,0.0,3.0,0.39455545834304456,490.0
E5,3.0,,,,,Minimax(d=3) vs Stratagem,Minimax(d=3),Stratagem,1022.0,1.0,1.0,1.0,5.0,0.2857161833962891,1436.6666666666667
E5,3.0,,,,,Minimax(d=3) vs Stratagem,Minimax(d=3),Stratagem,1023.0,2.0,1.0,0.0,5.0,0.5766853082051966,1898.0
E5,3.0,,,,,Minimax(d=3) vs Stratagem,Minimax(d=3),Stratagem,1024.0,1.0,2.0,0.0,6.0,0.20010422866713876,1505.0
E5,3.0,,,,,Minimax(d=3) vs Stratagem,Minimax(d=3),Stratagem,1025.0,2.0,2.0,1.0,6.0,0.32576758333016187,676.6666666666666
E5,3.0,,,,,Minimax(d=3) vs Stratagem,Minimax(d=3),Stratagem,1026.0,1.0,2.0,0.0,6.0,0.22191411800061664,1883.0
E5,3.0,,,,,Minimax(d=3) vs Stratagem,Minimax(d=3),Stratagem,1027.0,2.0,2.0,1.0,6.0,0.1443925138397996,1104.0
E5,3.0,,,,,Minimax(d=3) vs Stratagem,Minimax(d=3),Stratagem,1028.0,1.0,1.0,1.0,5.0,0.2578033917990979,2166.6666666666665
E5,3.0,,,,,Minimax(d=3) vs Stratagem,Minimax(d=3),Stratagem,1029.0,2.0,2.0,1.0,6.0,0.6002038818260189,966.0
E5,3.0,,,,,Minimax(d=3) vs Stratagem,Minimax(d=3),Stratagem,1030.0,1.0,2.0,0.0,6.0,0.17676361133150445,2130.6666666666665
E5,3.0,,,,,Minimax(d=3) vs Stratagem,Minimax(d=3),Stratagem,1031.0,2.0,1.0,0.0,1.0,1.152450374996988,0.0
E5,3.0,,,,,Minimax(d=3) vs Stratagem,Minimax(d=3),Stratagem,1032.0,1.0,1.0,1.0,5.0,0.2520330834027845,2174.3333333333335
E5,3.0,,,,,Minimax(d=3) vs Stratagem,Minimax(d=3),Stratagem,1033.0,2.0,2.0,1.0,6.0,0.21043390283981958,418.0
E5,3.0,,,,,Minimax(d=3) vs Stratagem,Minimax(d=3),Stratagem,1034.0,1.0,1.0,1.0,5.0,0.08727845000103115,1744.3333333333333
E5,3.0,,,,,Minimax(d=3) vs Stratagem,Minimax(d=3),Stratagem,1035.0,2.0,1.0,0.0,3.0,0.660847166669555,478.0
E5,3.0,,,,,Minimax(d=3) vs Stratagem,Minimax(d=3),Stratagem,1036.0,1.0,1.0,1.0,7.0,0.0490480418624689,1098.0
E5,3.0,,,,,Minimax(d=3) vs Stratagem,Minimax(d=3),Stratagem,1037.0,2.0,1.0,0.0,5.0,0.27159083319711497,766.5
E5,3.0,,,,,Minimax(d=3) vs Stratagem,Minimax(d=3),Stratagem,1038.0,1.0,2.0,0.0,6.0,0.25370127767382655,2973.6666666666665
E5,3.0,,,,,Minimax(d=3) vs Stratagem,Minimax(d=3),Stratagem,1039.0,2.0,2.0,1.0,2.0,0.7286487919918727,56.0
E5,3.0,,,,,Minimax(d=3) vs Stratagem,Minimax(d=3),Stratagem,1040.0,1.0,2.0,0.0,6.0,0.18829561800521333,1423.0
E5,3.0,,,,,Minimax(d=3) vs Stratagem,Minimax(d=3),Stratagem,1041.0,2.0,2.0,1.0,6.0,0.31809571516350843,603.3333333333334
E5,3.0,,,,,Minimax(d=3) vs Stratagem,Minimax(d=3),Stratagem,1042.0,1.0,2.0,0.0,6.0,0.27569113883267465,3160.3333333333335
E5,3.0,,,,,Minimax(d=3) vs Stratagem,Minimax(d=3),Stratagem,1043.0,2.0,1.0,0.0,5.0,0.2832828918064479,292.5
E5,3.0,,,,,Minimax(d=3) vs Stratagem,Minimax(d=3),Stratagem,1044.0,1.0,2.0,0.0,6.0,0.22824034699200033,1825.6666666666667
E5,3.0,,,,,Minimax(d=3) vs Stratagem,Minimax(d=3),Stratagem,1045.0,2.0,1.0,0.0,3.0,0.8183992780104745,973.0
E5,3.0,,,,,Minimax(d=3) vs Stratagem,Minimax(d=3),Stratagem,1046.0,1.0,1.0,1.0,7.0,0.09398382742905856,1455.5
E5,3.0,,,,,Minimax(d=3) vs Stratagem,Minimax(d=3),Stratagem,1047.0,2.0,2.0,1.0,4.0,0.8737444372382015,2210.0
E5,3.0,,,,,Minimax(d=3) vs Stratagem,Minimax(d=3),Stratagem,1048.0,1.0,2.0,0.0,6.0,0.14820929166065375,2045.6666666666667
E5,3.0,,,,,Minimax(d=3) vs Stratagem,Minimax(d=3),Stratagem,1049.0,2.0,1.0,0.0,5.0,0.6905977665970567,853.0
E6,,,,,,solo_mov_diff vs mov+centro,solo_mov_diff,mov+centro,1000.0,1.0,2.0,0.0,6.0,0.02433017349782555,243.33333333333334
E6,,,,,,solo_mov_diff vs mov+centro,solo_mov_diff,mov+centro,1001.0,2.0,1.0,0.0,3.0,0.011337013992791375,200.0
E6,,,,,,solo_mov_diff vs mov+centro,solo_mov_diff,mov+centro,1002.0,1.0,2.0,0.0,6.0,0.02139927799483606,309.3333333333333
E6,,,,,,solo_mov_diff vs mov+centro,solo_mov_diff,mov+centro,1003.0,2.0,2.0,1.0,6.0,0.021598319668555632,202.0
E6,,,,,,solo_mov_diff vs mov+centro,solo_mov_diff,mov+centro,1004.0,1.0,1.0,1.0,3.0,0.025772139003189903,217.5
E6,,,,,,solo_mov_diff vs mov+centro,solo_mov_diff,mov+centro,1005.0,2.0,2.0,1.0,6.0,0.027051805664086714,181.0
E6,,,,,,solo_mov_diff vs mov+centro,solo_mov_diff,mov+centro,1006.0,1.0,1.0,1.0,5.0,0.02551264159847051,260.0
E6,,,,,,solo_mov_diff vs mov+centro,solo_mov_diff,mov+centro,1007.0,2.0,1.0,0.0,3.0,0.0110126109890795,200.0
E6,,,,,,solo_mov_diff vs mov+centro,solo_mov_diff,mov+centro,1008.0,1.0,1.0,1.0,5.0,0.01833267498877831,90.33333333333333
E6,,,,,,solo_mov_diff vs mov+centro,solo_mov_diff,mov+centro,1009.0,2.0,2.0,1.0,6.0,0.02678072900744155,181.0
E6,,,,,,solo_mov_diff vs mov+centro,solo_mov_diff,mov+centro,1010.0,1.0,1.0,1.0,5.0,0.02611491658608429,242.66666666666666
E6,,,,,,solo_mov_diff vs mov+centro,solo_mov_diff,mov+centro,1011.0,2.0,1.0,0.0,3.0,0.01856588900166874,310.0
E6,,,,,,solo_mov_diff vs mov+centro,solo_mov_diff,mov+centro,1012.0,1.0,1.0,1.0,5.0,0.0329019500000868,367.3333333333333
E6,,,,,,solo_mov_diff vs mov+centro,solo_mov_diff,mov+centro,1013.0,2.0,2.0,1.0,6.0,0.024572708333532017,130.0
E6,,,,,,solo_mov_diff vs mov+centro,solo_mov_diff,mov+centro,1014.0,1.0,1.0,1.0,5.0,0.01000469180289656,88.66666666666667
E6,,,,,,solo_mov_diff vs mov+centro,solo_mov_diff,mov+centro,1015.0,2.0,1.0,0.0,5.0,0.01984234160045162,300.5
E6,,,,,,solo_mov_diff vs mov+centro,solo_mov_diff,mov+centro,1016.0,1.0,1.0,1.0,5.0,0.030835349805420263,233.33333333333334
E6,,,,,,solo_mov_diff vs mov+centro,solo_mov_diff,mov+centro,1017.0,2.0,2.0,1.0,6.0,0.023143500002333894,193.0
E6,,,,,,solo_mov_diff vs mov+centro,solo_mov_diff,mov+centro,1018.0,1.0,1.0,1.0,5.0,0.011376683600246906,100.33333333333333
E6,,,,,,solo_mov_diff vs mov+centro,solo_mov_diff,mov+centro,1019.0,2.0,2.0,1.0,6.0,0.02115376400858319,186.33333333333334
E6,,,,,,solo_mov_diff vs mov+centro,solo_mov_diff,mov+centro,1020.0,1.0,2.0,0.0,6.0,0.026942187823199976,439.6666666666667
E6,,,,,,solo_mov_diff vs mov+centro,solo_mov_diff,mov+centro,1021.0,2.0,1.0,0.0,3.0,0.01354399966658093,83.0
E6,,,,,,solo_mov_diff vs mov+centro,solo_mov_diff,mov+centro,1022.0,1.0,1.0,1.0,5.0,0.027422675205161794,249.33333333333334
E6,,,,,,solo_mov_diff vs mov+centro,solo_mov_diff,mov+centro,1023.0,2.0,1.0,0.0,3.0,0.025784999995570008,408.0
E6,,,,,,solo_mov_diff vs mov+centro,solo_mov_diff,mov+centro,1024.0,1.0,1.0,1.0,5.0,0.01828552520019002,104.66666666666667
E6,,,,,,solo_mov_diff vs mov+centro,solo_mov_diff,mov+centro,1025.0,2.0,1.0,0.0,5.0,0.026450700202258304,401.5
E6,,,,,,solo_mov_diff vs mov+centro,solo_mov_diff,mov+centro,1026.0,1.0,2.0,0.0,6.0,0.020937353823683225,232.0
E6,,,,,,solo_mov_diff vs mov+centro,solo_mov_diff,mov+centro,1027.0,2.0,2.0,1.0,4.0,0.01508155198825989,173.0
E6,,,,,,solo_mov_diff vs mov+centro,solo_mov_diff,mov+centro,1028.0,1.0,2.0,0.0,6.0,0.028409923999182258,434.6666666666667
E6,,,,,,solo_mov_diff vs mov+centro,solo_mov_diff,mov+centro,1029.0,2.0,1.0,0.0,5.0,0.03263611659640446,432.0
E6,,,,,,solo_mov_diff vs mov+acorralar,solo_mov_diff,mov+acorralar,1000.0,1.0,1.0,1.0,5.0,0.028686733398353682,290.3333333333333
E6,,,,,,solo_mov_diff vs mov+acorralar,solo_mov_diff,mov+acorralar,1001.0,2.0,2.0,1.0,6.0,0.006844264008880903,89.0
E6,,,,,,solo_mov_diff vs mov+acorralar,solo_mov_diff,mov+acorralar,1002.0,1.0,1.0,1.0,5.0,0.028198974998667838,245.0
E6,,,,,,solo_mov_diff vs mov+acorralar,solo_mov_diff,mov+acorralar,1003.0,2.0,2.0,1.0,6.0,0.024098583501957666,179.66666666666666
E6,,,,,,solo_mov_diff vs mov+acorralar,solo_mov_diff,mov+acorralar,1004.0,1.0,1.0,1.0,3.0,0.02646001399261877,217.5
E6,,,,,,solo_mov_diff vs mov+acorralar,solo_mov_diff,mov+acorralar,1005.0,2.0,2.0,1.0,4.0,0.045301187739823945,318.0
E6,,,,,,solo_mov_diff vs mov+acorralar,solo_mov_diff,mov+acorralar,1006.0,1.0,1.0,1.0,5.0,0.027927991398610175,328.0
E6,,,,,,solo_mov_diff vs mov+acorralar,solo_mov_diff,mov+acorralar,1007.0,2.0,2.0,1.0,6.0,0.006880937503107513,89.0
E6,,,,,,solo_mov_diff vs mov+acorralar,solo_mov_diff,mov+acorralar,1008.0,1.0,1.0,1.0,5.0,0.019565116392914205,98.0
E6,,,,,,solo_mov_diff vs mov+acorralar,solo_mov_diff,mov+acorralar,1009.0,2.0,2.0,1.0,6.0,0.030492402671370655,181.0
E6,,,,,,solo_mov_diff vs mov+acorralar,solo_mov_diff,mov+acorralar,1010.0,1.0,1.0,1.0,5.0,0.02836010861210525,310.0
E6,,,,,,solo_mov_diff vs mov+acorralar,solo_mov_diff,mov+acorralar,1011.0,2.0,1.0,0.0,5.0,0.013648141804151238,173.0
E6,,,,,,solo_mov_diff vs mov+acorralar,solo_mov_diff,mov+acorralar,1012.0,1.0,2.0,0.0,6.0,0.028094472174416296,353.0
E6,,,,,,solo_mov_diff vs mov+acorralar,solo_mov_diff,mov+acorralar,1013.0,2.0,1.0,0.0,7.0,0.024245315572313433,203.0
E6,,,,,,solo_mov_diff vs mov+acorralar,solo_mov_diff,mov+acorralar,1014.0,1.0,1.0,1.0,5.0,0.010689208604162559,88.66666666666667
E6,,,,,,solo_mov_diff vs mov+acorralar,solo_mov_diff,mov+acorralar,1015.0,2.0,1.0,0.0,5.0,0.022437516797799616,334.0
E6,,,,,,solo_mov_diff vs mov+acorralar,solo_mov_diff,mov+acorralar,1016.0,1.0,1.0,1.0,5.0,0.034992024989333,271.0
E6,,,,,,solo_mov_diff vs mov+acorralar,solo_mov_diff,mov+acorralar,1017.0,2.0,2.0,1.0,6.0,0.025666874993476085,192.0
E6,,,,,,solo_mov_diff vs mov+acorralar,solo_mov_diff,mov+acorralar,1018.0,1.0,1.0,1.0,5.0,0.011884749797172845,99.33333333333333
E6,,,,,,solo_mov_diff vs mov+acorralar,solo_mov_diff,mov+acorralar,1019.0,2.0,2.0,1.0,6.0,0.0220830210018903,195.66666666666666
E6,,,,,,solo_mov_diff vs mov+acorralar,solo_mov_diff,mov+acorralar,1020.0,1.0,1.0,1.0,5.0,0.03357498320401646,379.3333333333333
E6,,,,,,solo_mov_diff vs mov+acorralar,solo_mov_diff,mov+acorralar,1021.0,2.0,1.0,0.0,3.0,0.020269027668594692,380.0
E6,,,,,,solo_mov_diff vs mov+acorralar,solo_mov_diff,mov+acorralar,1022.0,1.0,1.0,1.0,5.0,0.028194208402419464,279.0
E6,,,,,,solo_mov_diff vs mov+acorralar,solo_mov_diff,mov+acorralar,1023.0,2.0,2.0,1.0,6.0,0.0225240833387943,137.66666666666666
E6,,,,,,solo_mov_diff vs mov+acorralar,solo_mov_diff,mov+acorralar,1024.0,1.0,1.0,1.0,5.0,0.01975708340178244,112.33333333333333
E6,,,,,,solo_mov_diff vs mov+acorralar,solo_mov_diff,mov+acorralar,1025.0,2.0,1.0,0.0,5.0,0.029703683202387764,435.0
E6,,,,,,solo_mov_diff vs mov+acorralar,solo_mov_diff,mov+acorralar,1026.0,1.0,1.0,1.0,5.0,0.02641425019246526,168.66666666666666
E6,,,,,,solo_mov_diff vs mov+acorralar,solo_mov_diff,mov+acorralar,1027.0,2.0,2.0,1.0,4.0,0.017181291746965144,173.0
E6,,,,,,solo_mov_diff vs mov+acorralar,solo_mov_diff,mov+acorralar,1028.0,1.0,1.0,1.0,5.0,0.034604016598314045,331.3333333333333
E6,,,,,,solo_mov_diff vs mov+acorralar,solo_mov_diff,mov+acorralar,1029.0,2.0,2.0,1.0,6.0,0.03144824300155354,212.66666666666666
E6,,,,,,solo_mov_diff vs balanceada,solo_mov_diff,balanceada,1000.0,1.0,2.0,0.0,6.0,0.025468076162117843,243.33333333333334
E6,,,,,,solo_mov_diff vs balanceada,solo_mov_diff,balanceada,1001.0,2.0,1.0,0.0,7.0,0.006670387154112437,82.66666666666667
E6,,,,,,solo_mov_diff vs balanceada,solo_mov_diff,balanceada,1002.0,1.0,1.0,1.0,5.0,0.02994089180137962,245.0
E6,,,,,,solo_mov_diff vs balanceada,solo_mov_diff,balanceada,1003.0,2.0,2.0,1.0,6.0,0.026283971994416788,202.0
E6,,,,,,solo_mov_diff vs balanceada,solo_mov_diff,balanceada,1004.0,1.0,1.0,1.0,3.0,0.029278375334494438,217.5
E6,,,,,,solo_mov_diff vs balanceada,solo_mov_diff,balanceada,1005.0,2.0,2.0,1.0,6.0,0.03344677816494368,181.0
E6,,,,,,solo_mov_diff vs balanceada,solo_mov_diff,balanceada,1006.0,1.0,1.0,1.0,5.0,0.029051133192842825,260.0
E6,,,,,,solo_mov_diff vs balanceada,solo_mov_diff,balanceada,1007.0,2.0,1.0,0.0,7.0,0.006609095281289358,82.66666666666667
E6,,,,,,solo_mov_diff vs balanceada,solo_mov_diff,balanceada,1008.0,1.0,1.0,1.0,5.0,0.02151946659432724,87.66666666666667
E6,,,,,,solo_mov_diff vs balanceada,solo_mov_diff,balanceada,1009.0,2.0,2.0,1.0,6.0,0.0335301876621088,181.0
E6,,,,,,solo_mov_diff vs balanceada,solo_mov_diff,balanceada,1010.0,1.0,1.0,1.0,5.0,0.030438566603697835,242.66666666666666
E6,,,,,,solo_mov_diff vs balanceada,solo_mov_diff,balanceada,1011.0,2.0,1.0,0.0,3.0,0.02833315299358219,310.0
E6,,,,,,solo_mov_diff vs balanceada,solo_mov_diff,balanceada,1012.0,1.0,1.0,1.0,5.0,0.03732205019914545,365.6666666666667
E6,,,,,,solo_mov_diff vs balanceada,solo_mov_diff,balanceada,1013.0,2.0,1.0,0.0,5.0,0.03824151680455543,300.5
E6,,,,,,solo_mov_diff vs balanceada,solo_mov_diff,balanceada,1014.0,1.0,1.0,1.0,5.0,0.011484200006816537,88.66666666666667
E6,,,,,,solo_mov_diff vs balanceada,solo_mov_diff,balanceada,1015.0,2.0,1.0,0.0,5.0,0.024102833401411772,334.0
E6,,,,,,solo_mov_diff vs balanceada,solo_mov_diff,balanceada,1016.0,1.0,1.0,1.0,5.0,0.033552849787520246,221.66666666666666
E6,,,,,,solo_mov_diff vs balanceada,solo_mov_diff,balanceada,1017.0,2.0,2.0,1.0,6.0,0.02885377750499174,192.66666666666666
E6,,,,,,solo_mov_diff vs balanceada,solo_mov_diff,balanceada,1018.0,1.0,1.0,1.0,5.0,0.013066158193396404,99.33333333333333
E6,,,,,,solo_mov_diff vs balanceada,solo_mov_diff,balanceada,1019.0,2.0,2.0,1.0,6.0,0.025936826151640464,186.33333333333334
E6,,,,,,solo_mov_diff vs balanceada,solo_mov_diff,balanceada,1020.0,1.0,2.0,0.0,6.0,0.030226798660199467,439.6666666666667
E6,,,,,,solo_mov_diff vs balanceada,solo_mov_diff,balanceada,1021.0,2.0,1.0,0.0,3.0,0.022864958339293178,380.0
E6,,,,,,solo_mov_diff vs balanceada,solo_mov_diff,balanceada,1022.0,1.0,1.0,1.0,5.0,0.030832025007111952,287.3333333333333
E6,,,,,,solo_mov_diff vs balanceada,solo_mov_diff,balanceada,1023.0,2.0,2.0,1.0,6.0,0.02421059733023867,137.66666666666666
E6,,,,,,solo_mov_diff vs balanceada,solo_mov_diff,balanceada,1024.0,1.0,1.0,1.0,5.0,0.021581675193738194,104.66666666666667
E6,,,,,,solo_mov_diff vs balanceada,solo_mov_diff,balanceada,1025.0,2.0,1.0,0.0,5.0,0.03195591659750789,435.0
E6,,,,,,solo_mov_diff vs balanceada,solo_mov_diff,balanceada,1026.0,1.0,2.0,0.0,6.0,0.02394495850603562,232.0
E6,,,,,,solo_mov_diff vs balanceada,solo_mov_diff,balanceada,1027.0,2.0,2.0,1.0,4.0,0.019560322994948365,173.0
E6,,,,,,solo_mov_diff vs balanceada,solo_mov_diff,balanceada,1028.0,1.0,1.0,1.0,5.0,0.038456400006543844,423.6666666666667
E6,,,,,,solo_mov_diff vs balanceada,solo_mov_diff,balanceada,1029.0,2.0,1.0,0.0,5.0,0.042095333203906196,432.0
E6,,,,,,mov+centro vs mov+acorralar,mov+centro,mov+acorralar,1000.0,1.0,2.0,0.0,2.0,0.03013839598861523,531.0
E6,,,,,,mov+centro vs mov+acorralar,mov+centro,mov+acorralar,1001.0,2.0,2.0,1.0,6.0,0.007062041826429777,89.0
E6,,,,,,mov+centro vs mov+acorralar,mov+centro,mov+acorralar,1002.0,1.0,1.0,1.0,5.0,0.028822766593657435,244.66666666666666
E6,,,,,,mov+centro vs mov+acorralar,mov+centro,mov+acorralar,1003.0,2.0,2.0,1.0,6.0,0.02441804150294047,132.66666666666666
E6,,,,,,mov+centro vs mov+acorralar,mov+centro,mov+acorralar,1004.0,1.0,1.0,1.0,3.0,0.02749181933662233,217.5
E6,,,,,,mov+centro vs mov+acorralar,mov+centro,mov+acorralar,1005.0,2.0,2.0,1.0,4.0,0.04663669801084325,296.0
E6,,,,,,mov+centro vs mov+acorralar,mov+centro,mov+acorralar,1006.0,1.0,2.0,0.0,2.0,0.027363125002011657,637.0
E6,,,,,,mov+centro vs mov+acorralar,mov+centro,mov+acorralar,1007.0,2.0,2.0,1.0,6.0,0.006969645832820485,89.0
E6,,,,,,mov+centro vs mov+acorralar,mov+centro,mov+acorralar,1008.0,1.0,1.0,1.0,5.0,0.019829158391803502,86.0
E6,,,,,,mov+centro vs mov+acorralar,mov+centro,mov+acorralar,1009.0,2.0,1.0,0.0,5.0,0.03759510840172879,275.0
E6,,,,,,mov+centro vs mov+acorralar,mov+centro,mov+acorralar,1010.0,1.0,2.0,0.0,2.0,0.029358353989664465,585.0
E6,,,,,,mov+centro vs mov+acorralar,mov+centro,mov+acorralar,1011.0,2.0,1.0,0.0,3.0,0.02153351400435592,278.0
E6,,,,,,mov+centro vs mov+acorralar,mov+centro,mov+acorralar,1012.0,1.0,2.0,0.0,6.0,0.02934991666309846,235.66666666666666
E6,,,,,,mov+centro vs mov+acorralar,mov+centro,mov+acorralar,1013.0,2.0,1.0,0.0,5.0,0.03387669180519879,189.0
E6,,,,,,mov+centro vs mov+acorralar,mov+centro,mov+acorralar,1014.0,1.0,1.0,1.0,5.0,0.011139775195624679,88.66666666666667
E6,,,,,,mov+centro vs mov+acorralar,mov+centro,mov+acorralar,1015.0,2.0,2.0,1.0,6.0,0.01873329866793938,130.66666666666666
E6,,,,,,mov+centro vs mov+acorralar,mov+centro,mov+acorralar,1016.0,1.0,1.0,1.0,5.0,0.03639885020093061,313.6666666666667
E6,,,,,,mov+centro vs mov+acorralar,mov+centro,mov+acorralar,1017.0,2.0,1.0,0.0,5.0,0.032674150011735036,300.0
E6,,,,,,mov+centro vs mov+acorralar,mov+centro,mov+acorralar,1018.0,1.0,1.0,1.0,5.0,0.012477400002535433,99.33333333333333
E6,,,,,,mov+centro vs mov+acorralar,mov+centro,mov+acorralar,1019.0,2.0,2.0,1.0,6.0,0.023048208332814586,153.33333333333334
E6,,,,,,mov+centro vs mov+acorralar,mov+centro,mov+acorralar,1020.0,1.0,1.0,1.0,5.0,0.03491627500625327,212.33333333333334
E6,,,,,,mov+centro vs mov+acorralar,mov+centro,mov+acorralar,1021.0,2.0,1.0,0.0,3.0,0.020879513981829707,380.0
E6,,,,,,mov+centro vs mov+acorralar,mov+centro,mov+acorralar,1022.0,1.0,1.0,1.0,5.0,0.02957444139756262,279.0
E6,,,,,,mov+centro vs mov+acorralar,mov+centro,mov+acorralar,1023.0,2.0,1.0,0.0,5.0,0.027624141605338083,285.5
E6,,,,,,mov+centro vs mov+acorralar,mov+centro,mov+acorralar,1024.0,1.0,1.0,1.0,5.0,0.02023224159493111,108.0
E6,,,,,,mov+centro vs mov+acorralar,mov+centro,mov+acorralar,1025.0,2.0,2.0,1.0,4.0,0.037391333251434844,253.5
E6,,,,,,mov+centro vs mov+acorralar,mov+centro,mov+acorralar,1026.0,1.0,1.0,1.0,5.0,0.027982533402973787,151.66666666666666
E6,,,,,,mov+centro vs mov+acorralar,mov+centro,mov+acorralar,1027.0,2.0,2.0,1.0,4.0,0.017841395492723677,173.0
E6,,,,,,mov+centro vs mov+acorralar,mov+centro,mov+acorralar,1028.0,1.0,1.0,1.0,5.0,0.03590922501171008,212.33333333333334
E6,,,,,,mov+centro vs mov+acorralar,mov+centro,mov+acorralar,1029.0,2.0,2.0,1.0,6.0,0.03136204866556606,133.66666666666666
E6,,,,,,mov+centro vs balanceada,mov+centro,balanceada,1000.0,1.0,2.0,0.0,2.0,0.030213229008950293,531.0
E6,,,,,,mov+centro vs balanceada,mov+centro,balanceada,1001.0,2.0,1.0,0.0,7.0,0.006754375004675239,82.66666666666667
E6,,,,,,mov+centro vs balanceada,mov+centro,balanceada,1002.0,1.0,1.0,1.0,5.0,0.03079216679907404,244.66666666666666
E6,,,,,,mov+centro vs balanceada,mov+centro,balanceada,1003.0,2.0,2.0,1.0,6.0,0.026722666501882486,141.0
E6,,,,,,mov+centro vs balanceada,mov+centro,balanceada,1004.0,1.0,1.0,1.0,3.0,0.03002458332533327,217.5
E6,,,,,,mov+centro vs balanceada,mov+centro,balanceada,1005.0,2.0,1.0,0.0,5.0,0.04025668320246041,275.0
E6,,,,,,mov+centro vs balanceada,mov+centro,balanceada,1006.0,1.0,2.0,0.0,2.0,0.027658582985168323,637.0
E6,,,,,,mov+centro vs balanceada,mov+centro,balanceada,1007.0,2.0,1.0,0.0,7.0,0.006770791569059449,82.66666666666667
E6,,,,,,mov+centro vs balanceada,mov+centro,balanceada,1008.0,1.0,1.0,1.0,5.0,0.02258399180136621,87.66666666666667
E6,,,,,,mov+centro vs balanceada,mov+centro,balanceada,1009.0,2.0,1.0,0.0,5.0,0.03996840819600038,275.0
E6,,,,,,mov+centro vs balanceada,mov+centro,balanceada,1010.0,1.0,2.0,0.0,2.0,0.029934874997707084,585.0
E6,,,,,,mov+centro vs balanceada,mov+centro,balanceada,1011.0,2.0,1.0,0.0,3.0,0.023910597655534122,310.0
E6,,,,,,mov+centro vs balanceada,mov+centro,balanceada,1012.0,1.0,2.0,0.0,4.0,0.04670766649360303,403.5
E6,,,,,,mov+centro vs balanceada,mov+centro,balanceada,1013.0,2.0,1.0,0.0,5.0,0.03843714980757795,192.0
E6,,,,,,mov+centro vs balanceada,mov+centro,balanceada,1014.0,1.0,1.0,1.0,5.0,0.01208510819124058,88.66666666666667
E6,,,,,,mov+centro vs balanceada,mov+centro,balanceada,1015.0,2.0,1.0,0.0,5.0,0.024148258607601746,235.0
E6,,,,,,mov+centro vs balanceada,mov+centro,balanceada,1016.0,1.0,1.0,1.0,5.0,0.035529025190044194,304.6666666666667
E6,,,,,,mov+centro vs balanceada,mov+centro,balanceada,1017.0,2.0,1.0,0.0,5.0,0.040374117001192644,300.0
E6,,,,,,mov+centro vs balanceada,mov+centro,balanceada,1018.0,1.0,1.0,1.0,5.0,0.013881866401061416,99.33333333333333
E6,,,,,,mov+centro vs balanceada,mov+centro,balanceada,1019.0,2.0,2.0,1.0,6.0,0.02678685449063778,141.33333333333334
E6,,,,,,mov+centro vs balanceada,mov+centro,balanceada,1020.0,1.0,1.0,1.0,5.0,0.039111766609130426,237.33333333333334
E6,,,,,,mov+centro vs balanceada,mov+centro,balanceada,1021.0,2.0,1.0,0.0,3.0,0.02346119433059357,380.0
E6,,,,,,mov+centro vs balanceada,mov+centro,balanceada,1022.0,1.0,1.0,1.0,5.0,0.03243155000382103,246.66666666666666
E6,,,,,,mov+centro vs balanceada,mov+centro,balanceada,1023.0,2.0,1.0,0.0,5.0,0.030300824798177927,285.5
E6,,,,,,mov+centro vs balanceada,mov+centro,balanceada,1024.0,1.0,1.0,1.0,5.0,0.022796400007791817,104.66666666666667
E6,,,,,,mov+centro vs balanceada,mov+centro,balanceada,1025.0,2.0,2.0,1.0,4.0,0.04066874975251267,253.5
E6,,,,,,mov+centro vs balanceada,mov+centro,balanceada,1026.0,1.0,2.0,0.0,6.0,0.02502318050149673,180.33333333333334
E6,,,,,,mov+centro vs balanceada,mov+centro,balanceada,1027.0,2.0,2.0,1.0,4.0,0.020016031005070545,173.0
E6,,,,,,mov+centro vs balanceada,mov+centro,balanceada,1028.0,1.0,1.0,1.0,5.0,0.03985494999797083,257.6666666666667
E6,,,,,,mov+centro vs balanceada,mov+centro,balanceada,1029.0,2.0,1.0,0.0,5.0,0.04243485819897615,251.0
E6,,,,,,mov+acorralar vs balanceada,mov+acorralar,balanceada,1000.0,1.0,2.0,0.0,2.0,0.03636445850133896,531.0
E6,,,,,,mov+acorralar vs balanceada,mov+acorralar,balanceada,1001.0,2.0,1.0,0.0,7.0,0.007224946420007784,84.0
E6,,,,,,mov+acorralar vs balanceada,mov+acorralar,balanceada,1002.0,1.0,2.0,0.0,6.0,0.028129409833733614,274.3333333333333
E6,,,,,,mov+acorralar vs balanceada,mov+acorralar,balanceada,1003.0,2.0,1.0,0.0,5.0,0.029533925006398933,283.0
E6,,,,,,mov+acorralar vs balanceada,mov+acorralar,balanceada,1004.0,1.0,1.0,1.0,5.0,0.031124882999574766,185.66666666666666
E6,,,,,,mov+acorralar vs balanceada,mov+acorralar,balanceada,1005.0,2.0,2.0,1.0,6.0,0.03594452083052602,132.0
E6,,,,,,mov+acorralar vs balanceada,mov+acorralar,balanceada,1006.0,1.0,2.0,0.0,2.0,0.033620895992498845,637.0
E6,,,,,,mov+acorralar vs balanceada,mov+acorralar,balanceada,1007.0,2.0,1.0,0.0,7.0,0.007251660717884079,84.0
E6,,,,,,mov+acorralar vs balanceada,mov+acorralar,balanceada,1008.0,1.0,1.0,1.0,5.0,0.02544313299586065,105.0
E6,,,,,,mov+acorralar vs balanceada,mov+acorralar,balanceada,1009.0,2.0,2.0,1.0,6.0,0.037196284659633726,192.66666666666666
E6,,,,,,mov+acorralar vs balanceada,mov+acorralar,balanceada,1010.0,1.0,2.0,0.0,2.0,0.036362957980600186,585.0
E6,,,,,,mov+acorralar vs balanceada,mov+acorralar,balanceada,1011.0,2.0,1.0,0.0,3.0,0.025533902662573382,310.0
E6,,,,,,mov+acorralar vs balanceada,mov+acorralar,balanceada,1012.0,1.0,1.0,1.0,5.0,0.044057524984236804,321.6666666666667
E6,,,,,,mov+acorralar vs balanceada,mov+acorralar,balanceada,1013.0,2.0,1.0,0.0,5.0,0.0369832667929586,263.0
E6,,,,,,mov+acorralar vs balanceada,mov+acorralar,balanceada,1014.0,1.0,1.0,1.0,5.0,0.013809124799445271,87.66666666666667
E6,,,,,,mov+acorralar vs balanceada,mov+acorralar,balanceada,1015.0,2.0,1.0,0.0,5.0,0.02463356660446152,391.5
E6,,,,,,mov+acorralar vs balanceada,mov+acorralar,balanceada,1016.0,1.0,2.0,0.0,4.0,0.05174716624605935,375.5
E6,,,,,,mov+acorralar vs balanceada,mov+acorralar,balanceada,1017.0,2.0,2.0,1.0,6.0,0.031610353995347396,138.0
E6,,,,,,mov+acorralar vs balanceada,mov+acorralar,balanceada,1018.0,1.0,1.0,1.0,5.0,0.016313608206110074,98.33333333333333
E6,,,,,,mov+acorralar vs balanceada,mov+acorralar,balanceada,1019.0,2.0,1.0,0.0,5.0,0.032955383404623714,212.0
E6,,,,,,mov+acorralar vs balanceada,mov+acorralar,balanceada,1020.0,1.0,2.0,0.0,6.0,0.03487416682764888,376.6666666666667
E6,,,,,,mov+acorralar vs balanceada,mov+acorralar,balanceada,1021.0,2.0,1.0,0.0,3.0,0.02533069400427242,426.0
E6,,,,,,mov+acorralar vs balanceada,mov+acorralar,balanceada,1022.0,1.0,1.0,1.0,5.0,0.035999999794876204,292.0
E6,,,,,,mov+acorralar vs balanceada,mov+acorralar,balanceada,1023.0,2.0,1.0,0.0,5.0,0.030018075200496243,337.0
E6,,,,,,mov+acorralar vs balanceada,mov+acorralar,balanceada,1024.0,1.0,2.0,0.0,6.0,0.021355069509202924,173.0
E6,,,,,,mov+acorralar vs balanceada,mov+acorralar,balanceada,1025.0,2.0,2.0,1.0,6.0,0.02917045833116087,170.66666666666666
E6,,,,,,mov+acorralar vs balanceada,mov+acorralar,balanceada,1026.0,1.0,2.0,0.0,6.0,0.027224409670452587,341.6666666666667
E6,,,,,,mov+acorralar vs balanceada,mov+acorralar,balanceada,1027.0,2.0,2.0,1.0,4.0,0.02193604225612944,117.0
E6,,,,,,mov+acorralar vs balanceada,mov+acorralar,balanceada,1028.0,1.0,1.0,1.0,5.0,0.0462606996006798,444.6666666666667
E6,,,,,,mov+acorralar vs balanceada,mov+acorralar,balanceada,1029.0,2.0,1.0,0.0,5.0,0.044546841800911355,374.0
